np,sitio,quad,nivel,tecnica,matprima,graos,homogeneidade,opacidade,categoria,preservacao,quantcortex,tipocortex,superficie,comprimento,largura,espessura,tipolascas,talao,preparatalao,cantoventral,bulbo,tecpercussao,percutor,cicatrizes,direcaocicatrizes,perfil,terminacao,tiponucleo,planopercussaonucleo,preparacaonucleo,tipoinstrumento,baseprimaria,quantgumes,sentidoutilizacao,reavivagem,funcao,padronizacao,descricao,tipomodificacao,extensao,posicao,morfologia,delineamento,aangulo,localizacao,reparticao,ocorrencia,marcasdeuso,direcaomicro,direcaoestria,locmarcasdeuso
1,Coqueiro,Indeterminado,Superfície,Lascamento unipolar,Quartzito,Fina,Homogêneo,Opaco,Lasca,Completo,Sem Superfície Natural,Inexistente,Indeterminado,3 a 4 cm,6 a 7 cm,1 a 2 cm,Lasca de debitagem,Liso,Não,Sem formação de lábio,Pronunciado,Direta,Duro,4 ou +,Indeterminado,Retílineo,Afilado (normal),,,,,,,,,,,,,,,,,,,,,,,,
2,Coqueiro,Indeterminado,Superfície,Lascamento unipolar,Quartzito,Fina,Homogêneo,Opaco,Lasca,Completo,Menor ou Igual a 1/2,Seixo,Sem Alteração,2 a 3 cm,3 a 4 cm,0 a 1 cm,Lasca cortical,Liso,Não,Sem formação de lábio,Pronunciado,Direta,Indeterminado,1,1 cicatriz apenas,Retílineo,Afilado (normal),,,,,,,,,,,,,,,,,,,,,,,,
3,Coqueiro,Indeterminado,Superfície,Lascamento unipolar,Quartzito,Fina,Homogêneo,Opaco,Lasca,Completo,Menor ou Igual a 1/2,Seixo,Sem Alteração,3 a 4 cm,3 a 4 cm,1 a 2 cm,Lasca cortical,Liso,Não,Sem formação de lábio,Plano,Direta,Duro,2,Paralelas,Retílineo,Afilado (normal),,,,,,,,,,,,,,,,,,,,,,,,
4,Coqueiro,Indeterminado,Superfície,Lascamento unipolar,Silexito,Inexistente,Homogêneo,Translúcido,Lasca,Completo,Sem Superfície Natural,Inexistente,Sem Alteração,1 a 2 cm,3 a 4 cm,0 a 1 cm,Lasca de formatação,Liso,Não,Sem formação de lábio,Plano,Direta,Indeterminado,4 ou +,Ortogonais,Retílineo,Afilado (normal),,,,,,,,,,,,,,,,,,,,,,,,
5,Coqueiro,Indeterminado,Superfície,Lascamento unipolar,Silexito,Inexistente,Homogêneo,Translúcido,Lasca,Só Proximal,Sem Superfície Natural,Inexistente,Sem Alteração,1 a 2 cm,1 a 2 cm,0 a 1 cm,Lasca de formatação,Linear,Não,Sem formação de lábio,Plano,Direta,Indeterminado,2,Ortogonais,Retílineo,Indeterminado,,,,,,,,,,,,,,,,,,,,,,,,
6,Coqueiro,Indeterminado,Superfície,Lascamento unipolar,Silexito,Inexistente,Heterogêneo,Opaco,Lasca,Completo,Menor ou Igual a 1/2,Seixo,Queima/Alteração de cor,2 a 3 cm,2 a 3 cm,0 a 1 cm,Lasca cortical,Cortical,Não,Sem formação de lábio,Plano,Direta,Indeterminado,2,29.5 Opostas,Retílineo,Afilado (normal),,,,,,,,,,,,,,,,,,,,,,,,
7,Coqueiro,Indeterminado,Superfície,Lascamento unipolar,Silexito,Inexistente,Heterogêneo,Opaco,Lasca,Completo,Sem Superfície Natural,Inexistente,Queima/Alteração de cor,1 a 2 cm,0 a 1 cm,0 a 1 cm,Lasca de debitagem,Liso,Não,Sem formação de lábio,Ausente (Face Interna Reta),Indeterminado,Indeterminado,4 ou +,Centrípetas,Retílineo,Afilado (normal),,,,,,,,,,,,,,,,,,,,,,,,
8,Coqueiro,Indeterminado,Superfície,Não identificada,Silexito,Inexistente,Homogêneo,Opaco,Detrito,Indeterminado,Menor ou Igual a 1/4,Seixo,Sem Alteração,3 a 4 cm,1 a 2 cm,1 a 2 cm,,,,,,,,,,,,,,,,,,,,,,,,,,,,,,,,,,,
9,Coqueiro,Indeterminado,Superfície,Lascamento unipolar,Silexito,Inexistente,Homogêneo,Opaco,Lasca,Proximal/Mesial,Sem Superfície Natural,Inexistente,Indeterminado,2 a 3 cm,1 a 2 cm,0 a 1 cm,Lasca de formatação,Linear,Não,Sem formação de lábio,Plano,Direta,Indeterminado,3,Paralelas,Retílineo,Indeterminado,,,,,,,,,,,,,,,,,,,,,,,,
10,Coqueiro,Indeterminado,Superfície,Lascamento unipolar,Silexito,Inexistente,Homogêneo,Opaco,Lasca,Mesial/Distal,Sem Superfície Natural,Inexistente,Indeterminado,3 a 4 cm,1 a 2 cm,0 a 1 cm,Indeterminado,Indeterminado,Indeterminado,Indeterminado,Indeterminado,Indeterminado,Indeterminado,4 ou +,Ortogonais,Retílineo,Afilado (normal),,,,,,,,,,,,,,,,,,,,,,,,
11,Coqueiro,Indeterminado,Superfície,Lascamento unipolar,Silexito,Inexistente,Heterogêneo,Opaco,Lasca,Mesial/Distal,Sem Superfície Natural,Inexistente,Indeterminado,1 a 2 cm,2 a 3 cm,0 a 1 cm,Indeterminado,Indeterminado,Indeterminado,Indeterminado,Indeterminado,Indeterminado,Indeterminado,4 ou +,Ortogonais,Retílineo,Afilado (normal),,,,,,,,,,,,,,,,,,,,,,,,
12,Coqueiro,Indeterminado,Superfície,Lascamento unipolar,Silexito,Inexistente,Homogêneo,Translúcido,Lasca,Completo,Sem Superfície Natural,Inexistente,Indeterminado,2 a 3 cm,1 a 2 cm,0 a 1 cm,Lasca de debitagem,Liso,Indeterminado,Sem formação de lábio,Plano,Indeterminado,Indeterminado,4 ou +,Ortogonais,Curvo,Afilado (normal),,,,,,,,,,,,,,,,,,,,,,,,
13,Coqueiro,Indeterminado,Superfície,Lascamento unipolar,Silexito,Inexistente,Homogêneo,Translúcido,Lasca,Mesial/Distal,Sem Superfície Natural,Inexistente,Sem Alteração,2 a 3 cm,1 a 2 cm,0 a 1 cm,Indeterminado,Indeterminado,Indeterminado,Indeterminado,Indeterminado,Indeterminado,Indeterminado,3,Centrípetas,Retílineo,Afilado (normal),,,,,,,,,,,,,,,,,,,,,,,,
14,Coqueiro,Indeterminado,Superfície,Lascamento unipolar,Silexito,Inexistente,Homogêneo,Translúcido,Lasca,Completo,Menor ou Igual a 1/4,Seixo,Sem Alteração,2 a 3 cm,1 a 2 cm,0 a 1 cm,Lasca de debitagem,Linear,Não,Sem formação de lábio,Pronunciado,Direta,Duro,3,Ortogonais,Curvo,Afilado (normal),,,,,,,,,,,,,,,,,,,,,,,,
15,Coqueiro,Indeterminado,Superfície,Lascamento unipolar,Silexito,Inexistente,Homogêneo,Translúcido,Lasca,Só Mesial,Sem Superfície Natural,Inexistente,Sem Alteração,1 a 2 cm,2 a 3 cm,0 a 1 cm,Indeterminado,Indeterminado,Indeterminado,Indeterminado,Indeterminado,Indeterminado,Indeterminado,4 ou +,Ortogonais,Retílineo,Indeterminado,,,,,,,,,,,,,,,,,,,,,,,,
16,Coqueiro,Indeterminado,Superfície,Lascamento unipolar,Silexito,Inexistente,Homogêneo,Translúcido,Lasca,Mesial/Distal,Sem Superfície Natural,Inexistente,Sem Alteração,2 a 3 cm,1 a 2 cm,0 a 1 cm,Indeterminado,Indeterminado,Indeterminado,Indeterminado,Indeterminado,Indeterminado,Indeterminado,4 ou +,Ortogonais,Retílineo,Afilado (normal),,,,,,,,,,,,,,,,,,,,,,,,
17,Coqueiro,Indeterminado,Superfície,Lascamento unipolar,Silexito,Inexistente,Homogêneo,Translúcido,Lasca,Só Proximal,Sem Superfície Natural,Inexistente,Sem Alteração,1 a 2 cm,1 a 2 cm,0 a 1 cm,Lasca de formatação,Linear,Não,Sem formação de lábio,Pronunciado,Direta,Macio,3,Paralelas,Retílineo,Indeterminado,,,,,,,,,,,,,,,,,,,,,,,,
18,Coqueiro,Indeterminado,Superfície,Lascamento unipolar,Silexito,Inexistente,Homogêneo,Translúcido,Lasca,Só Distal,Sem Superfície Natural,Inexistente,Sem Alteração,1 a 2 cm,1 a 2 cm,0 a 1 cm,Indeterminado,Indeterminado,Indeterminado,Indeterminado,Indeterminado,Indeterminado,Indeterminado,4 ou +,Centrípetas,Retílineo,Afilado (normal),,,,,,,,,,,,,,,,,,,,,,,,
19,Coqueiro,Indeterminado,Superfície,Lascamento unipolar,Silexito,Inexistente,Homogêneo,Translúcido,Lasca,Só Distal,Sem Superfície Natural,Inexistente,Sem Alteração,0 a 1 cm,1 a 2 cm,0 a 1 cm,Indeterminado,Indeterminado,Indeterminado,Indeterminado,Indeterminado,Indeterminado,Indeterminado,4 ou +,Centrípetas,Retílineo,Afilado (normal),,,,,,,,,,,,,,,,,,,,,,,,
20,Coqueiro,Indeterminado,Superfície,Lascamento unipolar,Silexito,Inexistente,Homogêneo,Translúcido,Lasca,Só Distal,Sem Superfície Natural,Inexistente,Sem Alteração,2 a 3 cm,2 a 3 cm,0 a 1 cm,Indeterminado,Indeterminado,Indeterminado,Indeterminado,Indeterminado,Indeterminado,Indeterminado,3,Ortogonais,Retílineo,Afilado (normal),,,,,,,,,,,,,,,,,,,,,,,,
21,Coqueiro,Indeterminado,Superfície,Lascamento unipolar,Silexito,Inexistente,Homogêneo,Translúcido,Lasca,Só Mesial,Sem Superfície Natural,Inexistente,Sem Alteração,1 a 2 cm,2 a 3 cm,0 a 1 cm,Indeterminado,Indeterminado,Indeterminado,Indeterminado,Indeterminado,Indeterminado,Indeterminado,2,Ortogonais,Retílineo,Indeterminado,,,,,,,,,,,,,,,,,,,,,,,,
22,Coqueiro,Indeterminado,Superfície,Lascamento unipolar,Silexito,Inexistente,Homogêneo,Translúcido,Lasca,Só Distal,Sem Superfície Natural,Inexistente,Sem Alteração,1 a 2 cm,2 a 3 cm,0 a 1 cm,Indeterminado,Indeterminado,Indeterminado,Indeterminado,Indeterminado,Indeterminado,Indeterminado,3,Ortogonais,Retílineo,Afilado (normal),,,,,,,,,,,,,,,,,,,,,,,,
23,Coqueiro,Indeterminado,Superfície,Lascamento unipolar,Silexito,Inexistente,Homogêneo,Translúcido,Lasca,Só Mesial,Sem Superfície Natural,Inexistente,Sem Alteração,0 a 1 cm,1 a 2 cm,0 a 1 cm,Indeterminado,Indeterminado,Indeterminado,Indeterminado,Indeterminado,Indeterminado,Indeterminado,Indeterminado,Indeterminado,Retílineo,Indeterminado,,,,,,,,,,,,,,,,,,,,,,,,
24,Coqueiro,Indeterminado,Superfície,Lascamento unipolar,Silexito,Inexistente,Homogêneo,Translúcido,Lasca,Indeterminado,Sem Superfície Natural,Inexistente,Sem Alteração,2 a 3 cm,1 a 2 cm,0 a 1 cm,Indeterminado,Indeterminado,Indeterminado,Indeterminado,Indeterminado,Indeterminado,Indeterminado,4 ou +,Ortogonais,Curvo,Afilado (normal),,,,,,,,,,,,,,,,,,,,,,,,
25,Coqueiro,Indeterminado,Superfície,Lascamento unipolar,Quartzo leitoso,Fina,Homogêneo,Translúcido,Lasca,Completo,Menor ou Igual a 1/2,Seixo,Sem Alteração,2 a 3 cm,1 a 2 cm,0 a 1 cm,Lasca de debitagem,Liso,Não,Sem formação de lábio,Plano,Direta,Indeterminado,4 ou +,Centrípetas,Curvo,Afilado (normal),,,,,,,,,,,,,,,,,,,,,,,,
26,Coqueiro,Indeterminado,Superfície,Lascamento unipolar,Quartzo leitoso,Fina,Homogêneo,Translúcido,Lasca,Proximal/Mesial,Sem Superfície Natural,Inexistente,Sem Alteração,2 a 3 cm,1 a 2 cm,0 a 1 cm,Lasca de debitagem,Liso,Não,Sem formação de lábio,Plano,Direta,Indeterminado,4 ou +,Paralelas,Retílineo,Afilado (normal),,,,,,,,,,,,,,,,,,,,,,,,
27,Coqueiro,Indeterminado,Superfície,Não identificada,Quartzo leitoso,Fina,Homogêneo,Translúcido,Detrito,Indeterminado,Sem Superfície Natural,Inexistente,Sem Alteração,2 a 3 cm,1 a 2 cm,0 a 1 cm,,,,,,,,,,,,,,,,,,,,,,,,,,,,,,,,,,,
28,Coqueiro,Indeterminado,Superfície,Lascamento unipolar,Silexito,Inexistente,Heterogêneo,Opaco,Lasca,Proximal/Mesial,Sem Superfície Natural,Inexistente,Queima/Alteração de cor,2 a 3 cm,2 a 3 cm,1 a 2 cm,Lasca de debitagem,Diedro,Não,Sem formação de lábio,Pronunciado,Direta,Duro,3,Ortogonais,Retílineo,Indeterminado,,,,,,,,,,,,,,,,,,,,,,,,
29,Coqueiro,Indeterminado,Superfície,Lascamento unipolar,Silexito,Fina,Homogêneo,Opaco,Lasca,Só Proximal,Sem Superfície Natural,Inexistente,Sem Alteração,1 a 2 cm,1 a 2 cm,0 a 1 cm,Indeterminado,Liso,Indeterminado,Sem formação de lábio,Indeterminado,Direta,Indeterminado,4 ou +,Ortogonais,Retílineo,Afilado (normal),,,,,,,,,,,,,,,,,,,,,,,,
30,Coqueiro,Indeterminado,Superfície,Lascamento unipolar,Basalto,Média,Homogêneo,Opaco,Lasca,Só Mesial,Sem Superfície Natural,Inexistente,Indeterminado,1 a 2 cm,2 a 3 cm,0 a 1 cm,Indeterminado,Indeterminado,Indeterminado,Indeterminado,Indeterminado,Indeterminado,Indeterminado,3,Ortogonais,Retílineo,Indeterminado,,,,,,,,,,,,,,,,,,,,,,,,
31,Coqueiro,Indeterminado,Superfície,Não identificada,Silexito,Inexistente,Heterogêneo,Opaco,Detrito,Indeterminado,Menor ou Igual a 3/4,Seixo,Indeterminado,5 a 6 cm,2 a 3 cm,1 a 2 cm,,,,,,,,,,,,,,,,,,,,,,,,,,,,,,,,,,,
32,Coqueiro,Indeterminado,Superfície,Lascamento unipolar,Outros,Grosseira,Homogêneo,Opaco,Lasca,Indeterminado,Menor ou Igual a 3/4,Seixo,Indeterminado,5 a 6 cm,3 a 4 cm,1 a 2 cm,Lasca cortical,Indeterminado,Indeterminado,Indeterminado,Indeterminado,Indeterminado,Indeterminado,2,Ortogonais,Retílineo,Afilado (normal),,,,,,,,,,,,,,,,,,,,,,,,
33,Coqueiro,Indeterminado,Superfície,Não identificada,Silexito,Inexistente,Homogêneo,Opaco,Detrito,Indeterminado,Menor ou Igual a 3/4,Seixo,Indeterminado,3 a 4 cm,2 a 3 cm,2 a 3 cm,,,,,,,,,,,,,,,,,,,,,,,,,,,,,,,,,,,
34,Coqueiro,Indeterminado,Superfície,Lascamento unipolar,Silexito,Inexistente,Homogêneo,Opaco,Lasca,Completo,Menor ou Igual a 3/4,Seixo,Sem Alteração,3 a 4 cm,1 a 2 cm,0 a 1 cm,Lasca cortical,Cortical,Não,Sem formação de lábio,Plano,Direta,Duro,Nenhuma,Sem informação,Retílineo,Afilado (normal),,,,,,,,,,,,,,,,,,,,,,,,
35,Coqueiro,Indeterminado,Superfície,Lascamento unipolar,Silexito,Inexistente,Homogêneo,Opaco,Lasca,Proximal/Mesial,Sem Superfície Natural,Inexistente,Sem Alteração,3 a 4 cm,2 a 3 cm,0 a 1 cm,Lasca de debitagem,Liso,Não,Sem formação de lábio,Pronunciado,Direta,Duro,3,Ortogonais,Retílineo,Indeterminado,,,,,,,,,,,,,,,,,,,,,,,,
36,Coqueiro,Indeterminado,Superfície,Lascamento unipolar,Silexito,Inexistente,Homogêneo,Opaco,Lasca,Só Mesial,Menor ou Igual a 1/2,Seixo,Sem Alteração,3 a 4 cm,3 a 4 cm,0 a 1 cm,Lasca cortical,Indeterminado,Indeterminado,Indeterminado,Indeterminado,Indeterminado,Indeterminado,1,1 cicatriz apenas,Retílineo,Afilado (normal),,,,,,,,,,,,,,,,,,,,,,,,
37,Coqueiro,Indeterminado,Superfície,Lascamento unipolar,Silexito,Inexistente,Homogêneo,Opaco,Lasca,Proximal/Mesial,Sem Superfície Natural,Inexistente,Sem Alteração,2 a 3 cm,2 a 3 cm,0 a 1 cm,Lasca de formatação,Liso,Sim,Com formação de lábio,Pronunciado,Direta,Macio,4 ou +,Ortogonais,Curvo,Indeterminado,,,,,,,,,,,,,,,,,,,,,,,,
38,Coqueiro,Indeterminado,Superfície,Lascamento unipolar,Silexito,Inexistente,Homogêneo,Opaco,Lasca,Proximal/Mesial,Sem Superfície Natural,Inexistente,Sem Alteração,2 a 3 cm,2 a 3 cm,0 a 1 cm,Lasca de formatação,Linear,Sim,Com formação de lábio,Pronunciado,Direta,Macio,3,Ortogonais,Retílineo,Indeterminado,,,,,,,,,,,,,,,,,,,,,,,,
39,Coqueiro,Indeterminado,Superfície,Lascamento unipolar,Silexito,Inexistente,Homogêneo,Opaco,Lasca,Completo,Sem Superfície Natural,Inexistente,Sem Alteração,3 a 4 cm,2 a 3 cm,0 a 1 cm,Lasca de formatação,Linear,Sim,Com formação de lábio,Pronunciado,Direta,Macio,3,Paralelas,Retílineo,Afilado (normal),,,,,,,,,,,,,,,,,,,,,,,,
40,Coqueiro,Indeterminado,Superfície,Lascamento unipolar,Silexito,Inexistente,Homogêneo,Opaco,Lasca,Completo,Sem Superfície Natural,Inexistente,Sem Alteração,3 a 4 cm,2 a 3 cm,0 a 1 cm,Lasca de formatação,Diedro,Sim,Com formação de lábio,Pronunciado,Direta,Macio,2,Paralelas,Retílineo,Afilado (normal),,,,,,,,,,,,,,,,,,,,,,,,
41,Coqueiro,Indeterminado,Superfície,Lascamento unipolar,Silexito,Inexistente,Homogêneo,Opaco,Lasca,Só Distal,Menor ou Igual a 1/2,Bloco,Sem Alteração,3 a 4 cm,2 a 3 cm,1 a 2 cm,Lasca cortical,Indeterminado,Indeterminado,Indeterminado,Indeterminado,Indeterminado,Indeterminado,Indeterminado,Indeterminado,Retílineo,Indeterminado,,,,,,,,,,,,,,,,,,,,,,,,
42,Coqueiro,Indeterminado,Superfície,Lascamento unipolar,Quartzo leitoso,Média,Homogêneo,Opaco,Lasca,Completo,Sem Superfície Natural,Inexistente,Sem Alteração,2 a 3 cm,3 a 4 cm,0 a 1 cm,Lasca de debitagem,Linear,Não,Sem formação de lábio,Pronunciado,Direta,Duro,3,Ortogonais,Retílineo,Afilado (normal),,,,,,,,,,,,,,,,,,,,,,,,
43,Coqueiro,Indeterminado,Superfície,Lascamento unipolar,Silexito,Inexistente,Homogêneo,Opaco,Lasca,Proximal/Mesial,Sem Superfície Natural,Inexistente,Sem Alteração,2 a 3 cm,1 a 2 cm,0 a 1 cm,Lasca de formatação,Liso,Indeterminado,Com formação de lábio,Plano,Direta,Macio,3,Paralelas,Retílineo,Indeterminado,,,,,,,,,,,,,,,,,,,,,,,,
44,Coqueiro,Indeterminado,Superfície,Lascamento unipolar,Silexito,Inexistente,Homogêneo,Opaco,Lasca,Proximal/Mesial,Sem Superfície Natural,Inexistente,Sem Alteração,1 a 2 cm,1 a 2 cm,0 a 1 cm,Lasca de formatação,Facetado,Não,Com formação de lábio,Plano,Direta,Macio,1,1 cicatriz apenas,Retílineo,Indeterminado,,,,,,,,,,,,,,,,,,,,,,,,
45,Coqueiro,Indeterminado,Superfície,Lascamento unipolar,Silexito,Inexistente,Homogêneo,Opaco,Lasca,Proximal/Mesial,Sem Superfície Natural,Inexistente,Sem Alteração,2 a 3 cm,1 a 2 cm,0 a 1 cm,Lasca de formatação,Facetado,Não,Com formação de lábio,Pronunciado,Direta,Macio,4 ou +,Ortogonais,Retílineo,Indeterminado,,,,,,,,,,,,,,,,,,,,,,,,
46,Coqueiro,Indeterminado,Superfície,Lascamento unipolar,Silexito,Inexistente,Homogêneo,Opaco,Lasca,Completo,Menor ou Igual a 3/4,Seixo,Sem Alteração,3 a 4 cm,4 a 5 cm,1 a 2 cm,Lasca cortical,Ausente,Indeterminado,Indeterminado,Pronunciado,Direta,Duro,1,1 cicatriz apenas,Retílineo,Ultrapassagem,,,,,,,,,,,,,,,,,,,,,,,,
47,Coqueiro,Indeterminado,Superfície,Lascamento unipolar,Silexito,Inexistente,Homogêneo,Opaco,Lasca,Proximal/Distal (Fratura Longitudinal),Sem Superfície Natural,Inexistente,Sem Alteração,2 a 3 cm,1 a 2 cm,0 a 1 cm,Lasca de debitagem,Liso,Não,Sem formação de lábio,Pronunciado,Direta,Duro,2,Ortogonais,Retílineo,Siret,,,,,,,,,,,,,,,,,,,,,,,,
48,Coqueiro,Indeterminado,Superfície,Não identificada,Silexito,Inexistente,Homogêneo,Opaco,Detrito,Indeterminado,Sem Superfície Natural,Inexistente,Sem Alteração,3 a 4 cm,1 a 2 cm,1 a 2 cm,,,,,,,,,,,,,,,,,,,,,,,,,,,,,,,,,,,
49,Coqueiro,Indeterminado,Superfície,Lascamento unipolar,Silexito,Inexistente,Homogêneo,Opaco,Lasca,Mesial/Distal,Sem Superfície Natural,Inexistente,Sem Alteração,2 a 3 cm,2 a 3 cm,0 a 1 cm,Lasca de debitagem,Indeterminado,Indeterminado,Indeterminado,Indeterminado,Indeterminado,Indeterminado,4 ou +,Ortogonais,Retílineo,Afilado (normal),,,,,,,,,,,,,,,,,,,,,,,,
50,Coqueiro,Indeterminado,Superfície,Lascamento unipolar,Silexito,Inexistente,Homogêneo,Opaco,Lasca,Completo,Menor ou Igual a 1/2,Seixo,Sem Alteração,1 a 2 cm,2 a 3 cm,0 a 1 cm,Lasca cortical,Cortical,Não,Sem formação de lábio,Plano,Direta,Duro,2,Ortogonais,Retílineo,Afilado (normal),,,,,,,,,,,,,,,,,,,,,,,,
51,Coqueiro,Indeterminado,Superfície,Lascamento unipolar,Silexito,Inexistente,Homogêneo,Opaco,Lasca,Completo,Menor ou Igual a 3/4,Seixo,Sem Alteração,2 a 3 cm,1 a 2 cm,0 a 1 cm,Lasca cortical,Cortical,Não,Sem formação de lábio,Plano,Direta,Duro,Nenhuma,Sem informação,Retílineo,Afilado (normal),,,,,,,,,,,,,,,,,,,,,,,,
52,Coqueiro,Indeterminado,Superfície,Lascamento unipolar,Silexito,Inexistente,Homogêneo,Opaco,Lasca,Completo,Sem Superfície Natural,Inexistente,Sem Alteração,1 a 2 cm,3 a 4 cm,1 a 2 cm,Lasca de debitagem,Liso,Não,Sem formação de lábio,Pronunciado,Direta,Duro,2,Ortogonais,Retílineo,Afilado (normal),,,,,,,,,,,,,,,,,,,,,,,,
53,Coqueiro,Indeterminado,Superfície,Lascamento unipolar,Silexito,Inexistente,Homogêneo,Opaco,Lasca,Completo,Sem Superfície Natural,Inexistente,Sem Alteração,3 a 4 cm,2 a 3 cm,0 a 1 cm,Lasca de debitagem,Liso,Sim,Sem formação de lábio,Pronunciado,Direta,Duro,4 ou +,Ortogonais,Retílineo,Afilado (normal),,,,,,,,,,,,,,,,,,,,,,,,
54,Coqueiro,Indeterminado,Superfície,Lascamento unipolar,Quartzo leitoso,Média,Homogêneo,Translúcido,Lasca,Completo,Sem Superfície Natural,Inexistente,Sem Alteração,3 a 4 cm,3 a 4 cm,0 a 1 cm,Lasca de debitagem,Ausente,Não,Sem formação de lábio,Plano,Direta,Duro,4 ou +,Ortogonais,Retílineo,Afilado (normal),,,,,,,,,,,,,,,,,,,,,,,,
55,Coqueiro,Indeterminado,Superfície,Lascamento unipolar,Silexito,Inexistente,Homogêneo,Opaco,Lasca,Proximal/Distal (Fratura Longitudinal),Sem Superfície Natural,Inexistente,Sem Alteração,3 a 4 cm,2 a 3 cm,1 a 2 cm,Lasca de debitagem,Indeterminado,Indeterminado,Indeterminado,Indeterminado,Indeterminado,Indeterminado,1,1 cicatriz apenas,Retílineo,Afilado (normal),,,,,,,,,,,,,,,,,,,,,,,,
56,Coqueiro,Indeterminado,Superfície,Lascamento unipolar,Silexito,Inexistente,Homogêneo,Opaco,Lasca,Completo,Sem Superfície Natural,Inexistente,Sem Alteração,2 a 3 cm,3 a 4 cm,0 a 1 cm,Lasca de debitagem,Ausente,Indeterminado,Sem formação de lábio,Plano,Indeterminado,Indeterminado,4 ou +,Ortogonais,Retílineo,Afilado (normal),,,,,,,,,,,,,,,,,,,,,,,,
57,Coqueiro,Indeterminado,Superfície,Lascamento unipolar,Silexito,Inexistente,Homogêneo,Opaco,Lasca,Completo,Menor ou Igual a 1/2,Seixo,Sem Alteração,3 a 4 cm,1 a 2 cm,0 a 1 cm,Lasca cortical,Esmigalhado,Não,Sem formação de lábio,Plano,Indeterminado,Indeterminado,1,1 cicatriz apenas,Retílineo,Afilado (normal),,,,,,,,,,,,,,,,,,,,,,,,
58,Coqueiro,Indeterminado,Superfície,Lascamento unipolar,Silexito,Inexistente,Homogêneo,Opaco,Lasca,Proximal/Mesial,Sem Superfície Natural,Inexistente,Sem Alteração,2 a 3 cm,2 a 3 cm,0 a 1 cm,Lasca de debitagem,Liso,Sim,Sem formação de lábio,Pronunciado,Direta,Duro,1,1 cicatriz apenas,Retílineo,Afilado (normal),,,,,,,,,,,,,,,,,,,,,,,,
59,Coqueiro,Indeterminado,Superfície,Lascamento unipolar,Silexito,Inexistente,Homogêneo,Opaco,Lasca,Proximal/Mesial,Sem Superfície Natural,Inexistente,Sem Alteração,1 a 2 cm,2 a 3 cm,0 a 1 cm,Lasca de debitagem,Liso,Não,Sem formação de lábio,Pronunciado,Direta,Duro,3,Ortogonais,Retílineo,Indeterminado,,,,,,,,,,,,,,,,,,,,,,,,
60,Coqueiro,Indeterminado,Superfície,Lascamento unipolar,Silexito,Inexistente,Homogêneo,Opaco,Lasca,Completo,Sem Superfície Natural,Inexistente,Sem Alteração,2 a 3 cm,2 a 3 cm,0 a 1 cm,Lasca de debitagem,Diedro,Não,Sem formação de lábio,Pronunciado,Direta,Duro,4 ou +,Ortogonais,Curvo,Afilado (normal),,,,,,,,,,,,,,,,,,,,,,,,
61,Coqueiro,Indeterminado,Superfície,Lascamento unipolar,Silexito,Inexistente,Homogêneo,Opaco,Lasca,Completo,Menor ou Igual a 1/4,Seixo,Sem Alteração,1 a 2 cm,2 a 3 cm,0 a 1 cm,Lasca de debitagem,Liso,Não,Sem formação de lábio,Pronunciado,Direta,Duro,1,1 cicatriz apenas,Retílineo,Afilado (normal),,,,,,,,,,,,,,,,,,,,,,,,
62,Coqueiro,Indeterminado,Superfície,Lascamento unipolar,Silexito,Inexistente,Homogêneo,Opaco,Lasca,Completo,Menor ou Igual a 1/4,Seixo,Sem Alteração,2 a 3 cm,2 a 3 cm,0 a 1 cm,Lasca de debitagem,Liso,Não,Sem formação de lábio,Pronunciado,Direta,Duro,2,Paralelas,Retílineo,Afilado (normal),,,,,,,,,,,,,,,,,,,,,,,,
63,Coqueiro,Indeterminado,Superfície,Lascamento unipolar,Silexito,Inexistente,Homogêneo,Opaco,Lasca,Mesial/Distal,Sem Superfície Natural,Inexistente,Sem Alteração,1 a 2 cm,1 a 2 cm,0 a 1 cm,Lasca de formatação,Indeterminado,Indeterminado,Indeterminado,Indeterminado,Indeterminado,Indeterminado,3,Paralelas,Curvo,Afilado (normal),,,,,,,,,,,,,,,,,,,,,,,,
64,Coqueiro,Indeterminado,Superfície,Lascamento unipolar,Silexito,Inexistente,Homogêneo,Opaco,Lasca,Completo,Sem Superfície Natural,Inexistente,Queima/Alteração de cor,2 a 3 cm,1 a 2 cm,0 a 1 cm,Lasca de debitagem,Diedro,Não,Sem formação de lábio,Plano,Indeterminado,Indeterminado,4 ou +,Ortogonais,Curvo,Afilado (normal),,,,,,,,,,,,,,,,,,,,,,,,
65,Coqueiro,Indeterminado,Superfície,Lascamento unipolar,Quartzo leitoso,Fina,Homogêneo,Translúcido,Lasca,Completo,Sem Superfície Natural,Inexistente,Sem Alteração,2 a 3 cm,1 a 2 cm,0 a 1 cm,Lasca de debitagem,Liso,Não,Sem formação de lábio,Pronunciado,Direta,Duro,1,1 cicatriz apenas,Curvo,Afilado (normal),,,,,,,,,,,,,,,,,,,,,,,,
66,Coqueiro,Indeterminado,Superfície,Lascamento unipolar,Silexito,Inexistente,Homogêneo,Opaco,Lasca,Completo,Sem Superfície Natural,Inexistente,Sem Alteração,2 a 3 cm,1 a 2 cm,0 a 1 cm,Lasca de formatação,Ausente,Indeterminado,Com formação de lábio,Pronunciado,Direta,Macio,4 ou +,Ortogonais,Curvo,Afilado (normal),,,,,,,,,,,,,,,,,,,,,,,,
67,Coqueiro,Indeterminado,Superfície,Lascamento unipolar,Silexito,Inexistente,Homogêneo,Opaco,Lasca,Só Mesial,Sem Superfície Natural,Inexistente,Sem Alteração,1 a 2 cm,1 a 2 cm,0 a 1 cm,Lasca de formatação,Indeterminado,Indeterminado,Indeterminado,Indeterminado,Indeterminado,Indeterminado,3,Paralelas,Retílineo,Indeterminado,,,,,,,,,,,,,,,,,,,,,,,,
68,Coqueiro,Indeterminado,Superfície,Lascamento unipolar,Silexito,Inexistente,Homogêneo,Opaco,Lasca,Proximal/Mesial,Sem Superfície Natural,Inexistente,Sem Alteração,2 a 3 cm,2 a 3 cm,0 a 1 cm,Lasca de formatação,Liso,Não,Com formação de lábio,Plano,Direta,Macio,3,Ortogonais,Retílineo,Afilado (normal),,,,,,,,,,,,,,,,,,,,,,,,
69,Coqueiro,Indeterminado,Superfície,Lascamento unipolar,Silexito,Inexistente,Homogêneo,Opaco,Lasca,Completo,Sem Superfície Natural,Inexistente,Sem Alteração,2 a 3 cm,1 a 2 cm,0 a 1 cm,Lasca de debitagem,Liso,Sim,Sem formação de lábio,Pronunciado,Direta,Duro,1,1 cicatriz apenas,Retílineo,Afilado (normal),,,,,,,,,,,,,,,,,,,,,,,,
70,Coqueiro,Indeterminado,Superfície,Lascamento unipolar,Silexito,Inexistente,Homogêneo,Opaco,Lasca,Completo,Sem Superfície Natural,Inexistente,Sem Alteração,2 a 3 cm,1 a 2 cm,0 a 1 cm,Lasca de debitagem,Linear,Não,Sem formação de lábio,Pronunciado,Direta,Duro,3,Ortogonais,Retílineo,Afilado (normal),,,,,,,,,,,,,,,,,,,,,,,,
71,Coqueiro,Indeterminado,Superfície,Lascamento unipolar,Silexito,Inexistente,Homogêneo,Opaco,Lasca,Completo,Sem Superfície Natural,Inexistente,Sem Alteração,2 a 3 cm,1 a 2 cm,0 a 1 cm,Lasca de formatação,Puntiforme,Não,Sem formação de lábio,Pronunciado,Direta,Indeterminado,4 ou +,Ortogonais,Curvo,Afilado (normal),,,,,,,,,,,,,,,,,,,,,,,,
72,Coqueiro,Indeterminado,Superfície,Lascamento unipolar,Silexito,Inexistente,Homogêneo,Opaco,Lasca,Proximal/Mesial,Sem Superfície Natural,Inexistente,Sem Alteração,3 a 4 cm,1 a 2 cm,0 a 1 cm,Lasca de formatação,Diedro,Não,Com formação de lábio,Plano,Direta,Macio,3,Ortogonais,Retílineo,Afilado (normal),,,,,,,,,,,,,,,,,,,,,,,,
73,Coqueiro,Indeterminado,Superfície,Lascamento unipolar,Silexito,Inexistente,Homogêneo,Opaco,Lasca,Só Mesial,Sem Superfície Natural,Inexistente,Sem Alteração,1 a 2 cm,2 a 3 cm,0 a 1 cm,Lasca de formatação,Indeterminado,Indeterminado,Indeterminado,Indeterminado,Indeterminado,Indeterminado,4 ou +,Ortogonais,Retílineo,Indeterminado,,,,,,,,,,,,,,,,,,,,,,,,
74,Coqueiro,Indeterminado,Superfície,Lascamento unipolar,Silexito,Inexistente,Homogêneo,Opaco,Lasca,Só Proximal,Sem Superfície Natural,Inexistente,Sem Alteração,1 a 2 cm,1 a 2 cm,0 a 1 cm,Lasca de formatação,Liso,Não,Sem formação de lábio,Pronunciado,Direta,Indeterminado,1,1 cicatriz apenas,Retílineo,Indeterminado,,,,,,,,,,,,,,,,,,,,,,,,
75,Coqueiro,Indeterminado,Superfície,Lascamento unipolar,Silexito,Inexistente,Homogêneo,Opaco,Lasca,Só Distal,Sem Superfície Natural,Inexistente,Sem Alteração,1 a 2 cm,1 a 2 cm,0 a 1 cm,Lasca de formatação,Indeterminado,Indeterminado,Indeterminado,Indeterminado,Indeterminado,Indeterminado,2,Paralelas,Retílineo,Indeterminado,,,,,,,,,,,,,,,,,,,,,,,,
76,Coqueiro,Indeterminado,Superfície,Não identificada,Silexito,Fina,Homogêneo,Opaco,Detrito,Indeterminado,Sem Superfície Natural,Inexistente,Sem Alteração,3 a 4 cm,2 a 3 cm,1 a 2 cm,,,,,,,,,,,,,,,,,,,,,,,,,,,,,,,,,,,
77,Coqueiro,Indeterminado,Superfície,Não identificada,Silexito,Inexistente,Homogêneo,Opaco,Detrito,Indeterminado,Sem Superfície Natural,Inexistente,Sem Alteração,2 a 3 cm,2 a 3 cm,1 a 2 cm,,,,,,,,,,,,,,,,,,,,,,,,,,,,,,,,,,,
78,Coqueiro,Indeterminado,Superfície,Não identificada,Silexito,Inexistente,Homogêneo,Opaco,Detrito,Indeterminado,Menor ou Igual a 1/4,Seixo,Sem Alteração,2 a 3 cm,2 a 3 cm,1 a 2 cm,,,,,,,,,,,,,,,,,,,,,,,,,,,,,,,,,,,
79,Coqueiro,Indeterminado,Superfície,Não identificada,Silexito,Inexistente,Homogêneo,Opaco,Detrito,Indeterminado,Sem Superfície Natural,Inexistente,Sem Alteração,2 a 3 cm,1 a 2 cm,1 a 2 cm,,,,,,,,,,,,,,,,,,,,,,,,,,,,,,,,,,,
80,Coqueiro,Indeterminado,Superfície,Não identificada,Silexito,Inexistente,Homogêneo,Opaco,Detrito,Indeterminado,Menor ou Igual a 1/4,Seixo,Sem Alteração,3 a 4 cm,2 a 3 cm,1 a 2 cm,,,,,,,,,,,,,,,,,,,,,,,,,,,,,,,,,,,
81,Coqueiro,Indeterminado,Superfície,Não identificada,Silexito,Inexistente,Homogêneo,Opaco,Detrito,Indeterminado,Sem Superfície Natural,Inexistente,Sem Alteração,4 a 5 cm,3 a 4 cm,2 a 3 cm,,,,,,,,,,,,,,,,,,,,,,,,,,,,,,,,,,,
82,Coqueiro,Indeterminado,Superfície,Não identificada,Silexito,Inexistente,Homogêneo,Opaco,Detrito,Indeterminado,Menor ou Igual a 1/4,Seixo,Sem Alteração,4 a 5 cm,1 a 2 cm,1 a 2 cm,,,,,,,,,,,,,,,,,,,,,,,,,,,,,,,,,,,
83,Coqueiro,Indeterminado,Superfície,Não identificada,Silexito,Inexistente,Homogêneo,Opaco,Detrito,Indeterminado,Sem Superfície Natural,Inexistente,Sem Alteração,3 a 4 cm,1 a 2 cm,1 a 2 cm,,,,,,,,,,,,,,,,,,,,,,,,,,,,,,,,,,,
84,Coqueiro,Indeterminado,Superfície,Não identificada,Silexito,Inexistente,Homogêneo,Opaco,Detrito,Indeterminado,Sem Superfície Natural,Inexistente,Sem Alteração,2 a 3 cm,1 a 2 cm,0 a 1 cm,,,,,,,,,,,,,,,,,,,,,,,,,,,,,,,,,,,
85,Coqueiro,Indeterminado,Superfície,Não identificada,Silexito,Inexistente,Homogêneo,Opaco,Detrito,Indeterminado,Sem Superfície Natural,Inexistente,Sem Alteração,2 a 3 cm,1 a 2 cm,0 a 1 cm,,,,,,,,,,,,,,,,,,,,,,,,,,,,,,,,,,,
86,Coqueiro,Indeterminado,Superfície,Não identificada,Silexito,Inexistente,Homogêneo,Opaco,Detrito,Indeterminado,Sem Superfície Natural,Inexistente,Sem Alteração,3 a 4 cm,1 a 2 cm,1 a 2 cm,,,,,,,,,,,,,,,,,,,,,,,,,,,,,,,,,,,
87,Coqueiro,Indeterminado,Superfície,Não identificada,Silexito,Inexistente,Homogêneo,Opaco,Detrito,Indeterminado,Sem Superfície Natural,Inexistente,Sem Alteração,3 a 4 cm,2 a 3 cm,1 a 2 cm,,,,,,,,,,,,,,,,,,,,,,,,,,,,,,,,,,,
88,Coqueiro,Indeterminado,Superfície,Não identificada,Silexito,Inexistente,Homogêneo,Opaco,Detrito,Indeterminado,Sem Superfície Natural,Inexistente,Sem Alteração,2 a 3 cm,1 a 2 cm,1 a 2 cm,,,,,,,,,,,,,,,,,,,,,,,,,,,,,,,,,,,
89,Coqueiro,Indeterminado,Superfície,Não identificada,Quartzito,Fina,Homogêneo,Opaco,Detrito,Indeterminado,Sem Superfície Natural,Inexistente,Sem Alteração,3 a 4 cm,2 a 3 cm,1 a 2 cm,,,,,,,,,,,,,,,,,,,,,,,,,,,,,,,,,,,
90,Coqueiro,Indeterminado,Superfície,Não identificada,Quartzo leitoso,Média,Homogêneo,Translúcido,Detrito,Indeterminado,Sem Superfície Natural,Inexistente,Sem Alteração,3 a 4 cm,3 a 4 cm,1 a 2 cm,,,,,,,,,,,,,,,,,,,,,,,,,,,,,,,,,,,
91,Coqueiro,Indeterminado,Superfície,Não identificada,Quartzo leitoso,Média,Homogêneo,Translúcido,Detrito,Indeterminado,Menor ou Igual a 1/4,Indeterminado,Sem Alteração,4 a 5 cm,3 a 4 cm,1 a 2 cm,,,,,,,,,,,,,,,,,,,,,,,,,,,,,,,,,,,
92,Coqueiro,Indeterminado,Superfície,Lascamento unipolar,Basalto,Média,Homogêneo,Opaco,Núcleo,Completo,Menor ou Igual a 1/2,Seixo,Sem Alteração,4 a 5 cm,4 a 5 cm,2 a 3 cm,,,,,,,,,,,,Núcleo Unipolar com Uma Plataforma Definida,Cortical,Não,,,,,,,,,,,,,,,,,,,,,
93,Coqueiro,Indeterminado,Superfície,Lascamento unipolar,Calcedônia,Inexistente,Homogêneo,Opaco,Lasca,Só Mesial,Sem Superfície Natural,Inexistente,Sem Alteração,2 a 3 cm,3 a 4 cm,1 a 2 cm,Lasca de debitagem,Indeterminado,Indeterminado,Indeterminado,Indeterminado,Indeterminado,Indeterminado,Indeterminado,Indeterminado,Indeterminado,Indeterminado,,,,,,,,,,,,,,,,,,,,,,,,
94,Coqueiro,Indeterminado,Superfície,Lascamento unipolar,Quartzito,Média,Homogêneo,Opaco,Lasca,Completo,Menor ou Igual a 1/2,Seixo,Sem Alteração,2 a 3 cm,5 a 6 cm,1 a 2 cm,Lasca cortical,Cortical,Não,Sem formação de lábio,Plano,Direta,Indeterminado,Nenhuma,Sem informação,Retílineo,Afilado (normal),,,,,,,,,,,,,,,,,,,,,,,,
95,Coqueiro,Indeterminado,Superfície,Lascamento unipolar,Quartzito,Fina,Homogêneo,Opaco,Lasca,Completo,Menor ou Igual a 1/2,Seixo,Sem Alteração,6 a 7 cm,3 a 4 cm,1 a 2 cm,Lasca cortical,Liso,Não,Sem formação de lábio,Pronunciado,Direta,Duro,2,Paralelas,Retílineo,Afilado (normal),,,,,,,,,,,,,,,,,,,,,,,,
96,Coqueiro,Indeterminado,Superfície,Lascamento unipolar,Silexito,Inexistente,Homogêneo,Opaco,Lasca,Só Distal,Menor ou Igual a 1/2,Seixo,Sem Alteração,4 a 5 cm,3 a 4 cm,1 a 2 cm,Lasca cortical,Indeterminado,Indeterminado,Indeterminado,Indeterminado,Indeterminado,Indeterminado,Nenhuma,Sem informação,Indeterminado,Indeterminado,,,,,,,,,,,,,,,,,,,,,,,,
97,Coqueiro,Indeterminado,Superfície,Lascamento unipolar,Silexito,Fina,Homogêneo,Opaco,Lasca,Completo,Menor ou Igual a 1/2,Seixo,Sem Alteração,4 a 5 cm,3 a 4 cm,1 a 2 cm,Lasca cortical,Cortical,Não,Sem formação de lábio,Plano,Direta,Indeterminado,1,1 cicatriz apenas,Retílineo,Afilado (normal),,,,,,,,,,,,,,,,,,,,,,,,
98,Coqueiro,Indeterminado,Superfície,Lascamento unipolar,Silexito,Inexistente,Homogêneo,Opaco,Núcleo,Completo,Menor ou Igual a 1/2,Seixo,Sem Alteração,5 a 6 cm,3 a 4 cm,2 a 3 cm,,,,,,,,,,,,Núcleo Unipolar sem Plataforma Definida (Poliédrico),Cortical,Não,,,,,,,,,,,,,,,,,,,,,
99,Coqueiro,Indeterminado,Superfície,Lascamento unipolar,Silexito,Inexistente,Homogêneo,Opaco,Núcleo,Completo,Menor ou Igual a 3/4,Seixo,Sem Alteração,6 a 7 cm,3 a 4 cm,2 a 3 cm,,,,,,,,,,,,Núcleo Unipolar com Uma Plataforma Definida,Cortical,Não,,,,,,,,,,,,,,,,,,,,,
100,Coqueiro,Indeterminado,Superfície,Lascamento unipolar,Silexito,Inexistente,Homogêneo,Opaco,Núcleo,Completo,Menor ou Igual a 3/4,Seixo,Sem Alteração,3 a 4 cm,3 a 4 cm,2 a 3 cm,,,,,,,,,,,,Núcleo Unipolar com Duas Plataformas Bidirecionais Opostas,Cortical,Não,,,,,,,,,,,,,,,,,,,,,
101,Coqueiro,Indeterminado,Superfície,Lascamento unipolar,Basalto,Média,Homogêneo,Opaco,Núcleo,Completo,Menor ou Igual a 1/4,Seixo,Sem Alteração,4 a 5 cm,4 a 5 cm,3 a 4 cm,,,,,,,,,,,,Núcleo Unipolar com Várias Plataformas em Outras Posições,Acortical liso,Não,,,,,,,,,,,,,,,,,,,,,
102,Coqueiro,Indeterminado,Superfície,Lascamento unipolar,Basalto,Média,Homogêneo,Opaco,Núcleo,Completo,Sem Superfície Natural,Inexistente,Sem Alteração,8 a 9 cm,5 a 6 cm,4 a 5 cm,,,,,,,,,,,,Núcleo Unipolar sem Plataforma Definida (Poliédrico),Acortical liso,Não,,,,,,,,,,,,,,,,,,,,,
103,Coqueiro,Indeterminado,Superfície,Lascamento unipolar,Silexito,Inexistente,Homogêneo,Opaco,Fragmento de instrumento,Indeterminado,Sem Superfície Natural,Inexistente,Sem Alteração,3 a 4 cm,2 a 3 cm,1 a 2 cm,,,,,,,,,,,,,,,Bifacial,Indeterminado,Indeterminado,Indeterminado,Indeterminado,Indeterminado,Indeterminado,,,,,,,,,,,,,,
104,Coqueiro,Indeterminado,Superfície,Lascamento unipolar,Silexito,Inexistente,Homogêneo,Opaco,Fragmento de instrumento,Indeterminado,Sem Superfície Natural,Inexistente,Sem Alteração,2 a 3 cm,2 a 3 cm,1 a 2 cm,,,,,,,,,,,,,,,Bifacial,Indeterminado,Indeterminado,Indeterminado,Indeterminado,Indeterminado,Indeterminado,,,,,,,,,,,,,,
105,Coqueiro,Indeterminado,Superfície,Lascamento unipolar,Silexito,Fina,Homogêneo,Opaco,Fragmento de instrumento,Indeterminado,Sem Superfície Natural,Inexistente,Sem Alteração,4 a 5 cm,3 a 4 cm,2 a 3 cm,,,,,,,,,,,,,,,Indeterminado,Indeterminado,Indeterminado,Indeterminado,Indeterminado,Indeterminado,Indeterminado,,,,,,,,,,,,,,
106,Coqueiro,Indeterminado,Superfície,Lascamento unipolar,Silexito,Inexistente,Homogêneo,Opaco,Fragmento de instrumento,Indeterminado,Sem Superfície Natural,Inexistente,Sem Alteração,2 a 3 cm,1 a 2 cm,1 a 2 cm,,,,,,,,,,,,,,,Bifacial,Indeterminado,Indeterminado,Indeterminado,Indeterminado,Indeterminado,Indeterminado,,,,,,,,,,,,,,
107,Coqueiro,Indeterminado,Superfície,Lascamento unipolar,Silexito,Inexistente,Homogêneo,Opaco,Fragmento de instrumento,Indeterminado,Menor ou Igual a 1/4,Seixo,Sem Alteração,6 a 7 cm,4 a 5 cm,4 a 5 cm,,,,,,,,,,,,,,,Bifacial,Seixo,Indeterminado,Indeterminado,Indeterminado,Indeterminado,Indeterminado,,,,,,,,,,,,,,
108,Coqueiro,Indeterminado,Superfície,Lascamento unipolar,Silexito,Inexistente,Homogêneo,Opaco,Fragmento de instrumento,Indeterminado,Sem Superfície Natural,Inexistente,Sem Alteração,2 a 3 cm,2 a 3 cm,0 a 1 cm,,,,,,,,,,,,,,,Bifacial,Indeterminado,Indeterminado,Indeterminado,Indeterminado,Indeterminado,Indeterminado,,,,,,,,,,,,,,
109,Coqueiro,Indeterminado,Superfície,Lascamento unipolar,Silexito,Inexistente,Homogêneo,Opaco,Fragmento de instrumento,Indeterminado,Sem Superfície Natural,Inexistente,Sem Alteração,3 a 4 cm,1 a 2 cm,0 a 1 cm,,,,,,,,,,,,,,,Bifacial,Indeterminado,Indeterminado,Indeterminado,Indeterminado,Indeterminado,Indeterminado,,,,,,,,,,,,,,
110,Coqueiro,Indeterminado,Superfície,Lascamento unipolar,Silexito,Inexistente,Homogêneo,Opaco,Fragmento de instrumento,Indeterminado,Sem Superfície Natural,Inexistente,Sem Alteração,2 a 3 cm,1 a 2 cm,0 a 1 cm,,,,,,,,,,,,,,,Bifacial,Indeterminado,Indeterminado,Indeterminado,Indeterminado,Indeterminado,Indeterminado,,,,,,,,,,,,,,
111,Coqueiro,Indeterminado,Superfície,Lascamento unipolar,Silexito,Inexistente,Homogêneo,Opaco,Fragmento de instrumento,Indeterminado,Sem Superfície Natural,Inexistente,Sem Alteração,3 a 4 cm,1 a 2 cm,0 a 1 cm,,,,,,,,,,,,,,,Bifacial,Indeterminado,Indeterminado,Indeterminado,Indeterminado,Indeterminado,Indeterminado,Fotografia e desenho,,,,,,,,,,,,,
112,Coqueiro,Indeterminado,Superfície,Lascamento unipolar,Silexito,Inexistente,Heterogêneo,Opaco,Fragmento de instrumento,Indeterminado,Menor ou Igual a 1/4,Seixo,Sem Alteração,4 a 5 cm,3 a 4 cm,1 a 2 cm,,,,,,,,,,,,,,,Bifacial,Seixo,Indeterminado,Indeterminado,Indeterminado,Indeterminado,Indeterminado,Fotografia e desenho,,,,,,,,,,,,,
113,Coqueiro,Indeterminado,Superfície,Lascamento unipolar,Silexito,Inexistente,Homogêneo,Opaco,Instrumento,Proximal/Mesial,Sem Superfície Natural,Inexistente,Sem Alteração,2 a 3 cm,1 a 2 cm,0 a 1 cm,,,,,,,,,,,,,,,Instrumento de ocasião,Lasca unipolar,2,Lateral,Ausente,Simples,Informal,,Marcas de uso,,,,,,,,,Micro-lascamentos,Paralelos ao Gume,Indeterminado,Lateral
114,Coqueiro,Indeterminado,Superfície,Lascamento unipolar,Silexito,Inexistente,Homogêneo,Opaco,Lasca,Completo,Sem Superfície Natural,Inexistente,Sem Alteração,5 a 6 cm,3 a 4 cm,0 a 1 cm,Lasca de formatação,Liso,Não,Sem formação de lábio,Pronunciado,Direta,Indeterminado,4 ou +,Ortogonais,Retílineo,Afilado (normal),,,,,,,,,,,,,,,,,,,,,,,,
115,Coqueiro,Indeterminado,Superfície,Lascamento unipolar,Silexito,Inexistente,Homogêneo,Opaco,Lasca,Completo,Sem Superfície Natural,Inexistente,Sem Alteração,3 a 4 cm,2 a 3 cm,0 a 1 cm,Lasca de debitagem,Liso,Não,Sem formação de lábio,Pronunciado,Direta,Duro,4 ou +,Ortogonais,Helicoidal,Afilado (normal),,,,,,,,,,,,,,,,,,,,,,,,
116,Coqueiro,Indeterminado,Superfície,Não identificada,Silexito,Inexistente,Homogêneo,Opaco,Detrito,Indeterminado,Sem Superfície Natural,Inexistente,Sem Alteração,3 a 4 cm,1 a 2 cm,1 a 2 cm,,,,,,,,,,,,,,,,,,,,,,,,,,,,,,,,,,,
117,Coqueiro,Indeterminado,Superfície,Lascamento unipolar,Silexito,Inexistente,Homogêneo,Opaco,Instrumento,Proximal/Distal (Fratura Longitudinal),Sem Superfície Natural,Inexistente,Sem Alteração,3 a 4 cm,1 a 2 cm,0 a 1 cm,,,,,,,,,,,,,,,Instrumento de ocasião,Lasca unipolar,1,Lateral,Ausente,Simples,Informal,Fotografia,Retoque,Marginal Irregular,Direto,Subparalelo,Retilíneo,Rasante (0-20),Lateral,Parcial,Contínuo,,,,
118,Coqueiro,Indeterminado,Superfície,Lascamento unipolar,Silexito,Inexistente,Homogêneo,Opaco,Instrumento,Só Mesial,Sem Superfície Natural,Inexistente,Sem Alteração,2 a 3 cm,1 a 2 cm,0 a 1 cm,,,,,,,,,,,,,,,Instrumento de ocasião,Lasca unipolar,2,Lateral,Ausente,Simples,Informal,,Retoque,Marginal Irregular,Direto,Subparalelo,Retilíneo,Rasante (0-20),Lateral,Total,Contínuo,,,,
119,Coqueiro,Indeterminado,Superfície,Lascamento unipolar,Silexito,Inexistente,Homogêneo,Opaco,Instrumento,Completo,Sem Superfície Natural,Inexistente,Sem Alteração,3 a 4 cm,2 a 3 cm,1 a 2 cm,,,,,,,,,,,,,,,Instrumento de ocasião,Lasca unipolar,1,Distal,Ausente,Simples,Informal,Fotografia e desenho,,,,,,,,,,,,,
120,Coqueiro,Indeterminado,Superfície,Lascamento unipolar,Silexito,Inexistente,Homogêneo,Opaco,Instrumento,Completo,Sem Superfície Natural,Inexistente,Sem Alteração,3 a 4 cm,2 a 3 cm,1 a 2 cm,,,,,,,,,,,,,,,Instrumento de ocasião,Lasca unipolar,1,Distal,Ausente,Simples,Informal,,,,,,,,,,,,,,
121,Coqueiro,Indeterminado,Superfície,Lascamento unipolar,Silexito,Inexistente,Homogêneo,Opaco,Instrumento,Proximal/Mesial,Sem Superfície Natural,Inexistente,Sem Alteração,2 a 3 cm,2 a 3 cm,0 a 1 cm,,,,,,,,,,,,,,,Instrumento de ocasião,Lasca unipolar,2,Lateral,Ausente,Simples,Informal,Fotografia,Retoque,Envolvente Irregular,Bifacial,Escamoso,Retilíneo,Quase rasante (30-50),Lateral,Total,Contínuo,,,,
122,Coqueiro,Indeterminado,Superfície,Lascamento unipolar,Silexito,Inexistente,Homogêneo,Opaco,Fragmento de instrumento,Indeterminado,Sem Superfície Natural,Inexistente,Sem Alteração,3 a 4 cm,2 a 3 cm,0 a 1 cm,,,,,,,,,,,,,,,Bifacial,Indeterminado,Indeterminado,Indeterminado,Indeterminado,Indeterminado,Indeterminado,,,,,,,,,,,,,,
123,Coqueiro,Indeterminado,Superfície,Lascamento unipolar,Arenito,Fina,Homogêneo,Opaco,Instrumento,Completo,Menor ou Igual a 1/4,Seixo,Sem Alteração,8 a 9 cm,4 a 5 cm,1 a 2 cm,,,,,,,,,,,,,,,Unifacial,Lasca unipolar,2,Lateral,Ausente,Simples,Informal,Fotografia e desenho,Retoque,Envolvente Irregular,Direto,Paralelo,Convexo,Quase rasante (30-50),Lateral,Total,Contínuo,,,,
124,Coqueiro,Indeterminado,Superfície,Lascamento unipolar,Silexito,Inexistente,Homogêneo,Opaco,Instrumento,Indeterminado,Menor ou Igual a 3/4,Seixo,Sem Alteração,3 a 4 cm,3 a 4 cm,1 a 2 cm,,,,,,,,,,,,,,,Unifacial,Seixo,1,Indeterminado,Ausente,Simples,Informal,,,,,,,,,,,,,,
125,Coqueiro,Indeterminado,Superfície,Lascamento unipolar,Silexito,Fina,Homogêneo,Opaco,Instrumento,Completo,Menor ou Igual a 1/2,Seixo,Queima/Alteração de cor,4 a 5 cm,3 a 4 cm,2 a 3 cm,,,,,,,,,,,,,,,Bifacial,Seixo,Indeterminado,Indeterminado,Ausente,Simples,Informal,,,,,,,,,,,,,,
126,Coqueiro,Indeterminado,Superfície,Lascamento unipolar,Silexito,Inexistente,Homogêneo,Opaco,Instrumento,Completo,Sem Superfície Natural,Inexistente,Sem Alteração,4 a 5 cm,4 a 5 cm,2 a 3 cm,,,,,,,,,,,,,,,Bifacial,Indeterminado,1,Indeterminado,Ausente,Simples,Informal,,,,,,,,,,,,,,
127,Coqueiro,Indeterminado,Superfície,Lascamento unipolar,Silexito,Inexistente,Homogêneo,Opaco,Instrumento,Completo,Sem Superfície Natural,Inexistente,Sem Alteração,3 a 4 cm,2 a 3 cm,1 a 2 cm,,,,,,,,,,,,,,,Bifacial,Lasca unipolar,1,Lateral,Ausente,Simples,Informal,,,,,,,,,,,,,,
128,Coqueiro,Indeterminado,Superfície,Lascamento unipolar,Silexito,Inexistente,Homogêneo,Opaco,Instrumento,Completo,Sem Superfície Natural,Inexistente,Sem Alteração,2 a 3 cm,2 a 3 cm,1 a 2 cm,,,,,,,,,,,,,,,Bifacial,Indeterminado,1,Indeterminado,Ausente,Simples,Informal,,,,,,,,,,,,,,
129,Coqueiro,Indeterminado,Superfície,Lascamento unipolar,Silexito,Inexistente,Homogêneo,Opaco,Fragmento de instrumento,Indeterminado,Sem Superfície Natural,Inexistente,Sem Alteração,4 a 5 cm,2 a 3 cm,1 a 2 cm,,,,,,,,,,,,,,,Unifacial,Lasca unipolar,1,Lateral,Ausente,Simples,Informal,,Retoque,Envolvente Irregular,Direto,Subparalelo,Convexo,Rasante (0-20),Lateral,Parcial,Descontínuo,,,,
130,Coqueiro,Indeterminado,Superfície,Lascamento unipolar,Silexito,Inexistente,Homogêneo,Opaco,Instrumento,Completo,Menor ou Igual a 1/4,Seixo,Sem Alteração,4 a 5 cm,2 a 3 cm,2 a 3 cm,,,,,,,,,,,,,,,Bifacial,Seixo,Indeterminado,Indeterminado,Ausente,Indeterminado,Indeterminado,Fotografia,,,,,,,,,,,,,
131,Coqueiro,Indeterminado,Superfície,Lascamento unipolar,Silexito,Inexistente,Homogêneo,Opaco,Instrumento,Completo,Menor ou Igual a 1/2,Seixo,Sem Alteração,5 a 6 cm,3 a 4 cm,1 a 2 cm,,,,,,,,,,,,,,,Bifacial,Seixo,Indeterminado,Indeterminado,Ausente,Indeterminado,Indeterminado,,,,,,,,,,,,,,
132,Coqueiro,Indeterminado,Superfície,Lascamento unipolar,Silexito,Inexistente,Homogêneo,Opaco,Fragmento de instrumento,Indeterminado,Sem Superfície Natural,Inexistente,Sem Alteração,2 a 3 cm,2 a 3 cm,0 a 1 cm,,,,,,,,,,,,,,,Bifacial,Indeterminado,Indeterminado,Lateral,Ausente,Indeterminado,Indeterminado,,Retoque,Envolvente Irregular,Bifacial,Subparalelo,Retilíneo,Rasante (0-20),Lateral,Indeterminado,Contínuo,,,,
133,Coqueiro,Indeterminado,Superfície,Lascamento unipolar,Silexito,Inexistente,Homogêneo,Opaco,Instrumento,Completo,Sem Superfície Natural,Inexistente,Sem Alteração,4 a 5 cm,2 a 3 cm,1 a 2 cm,,,,,,,,,,,,,,,Bifacial,Lasca unipolar,Indeterminado,Indeterminado,Ausente,Indeterminado,Informal,Fotografia e desenho,,,,,,,,,,,,,
134,Coqueiro,Indeterminado,Superfície,Lascamento unipolar,Silexito,Inexistente,Homogêneo,Opaco,Fragmento de instrumento,Indeterminado,Sem Superfície Natural,Inexistente,Sem Alteração,3 a 4 cm,3 a 4 cm,1 a 2 cm,,,,,,,,,,,,,,,Unifacial,Lasca unipolar,Indeterminado,Indeterminado,Ausente,Indeterminado,Informal,Fotografia e desenho,,,,,,,,,,,,,
135,Coqueiro,Indeterminado,Superfície,Lascamento unipolar,Outros,Grosseira,Homogêneo,Opaco,Instrumento,Completo,Sem Superfície Natural,Inexistente,Sem Alteração,5 a 6 cm,3 a 4 cm,1 a 2 cm,,,,,,,,,,,,,,,Bifacial,Indeterminado,Indeterminado,Indeterminado,Ausente,Indeterminado,Indeterminado,,,,,,,,,,,,,,
136,Coqueiro,Indeterminado,Superfície,Lascamento unipolar,Silexito,Inexistente,Homogêneo,Opaco,Instrumento,Completo,Sem Superfície Natural,Inexistente,Sem Alteração,4 a 5 cm,3 a 4 cm,2 a 3 cm,,,,,,,,,,,,,,,Bifacial,Seixo,Indeterminado,Indeterminado,Ausente,Indeterminado,Indeterminado,Fotografia e desenho,,,,,,,,,,,,,
137,Coqueiro,Indeterminado,Superfície,Lascamento unipolar,Silexito,Inexistente,Homogêneo,Opaco,Instrumento,Completo,Menor ou Igual a 1/4,Seixo,Sem Alteração,4 a 5 cm,2 a 3 cm,1 a 2 cm,,,,,,,,,,,,,,,Bifacial,Indeterminado,Indeterminado,Indeterminado,Ausente,Indeterminado,Indeterminado,Fotografia e desenho,,,,,,,,,,,,,
138,Coqueiro,Indeterminado,Superfície,Lascamento unipolar,Silexito,Inexistente,Homogêneo,Opaco,Fragmento de instrumento,Indeterminado,Sem Superfície Natural,Inexistente,Sem Alteração,1 a 2 cm,1 a 2 cm,0 a 1 cm,,,,,,,,,,,,,,,Bifacial,Indeterminado,Indeterminado,Lateral,Ausente,Indeterminado,Formal padronizado,Fotografia e desenho,Retoque,Invasor Regular,Bifacial,Paralelo,Retilíneo,Rasante (0-20),Lateral,Total,Contínuo,,,,
139,Coqueiro,Indeterminado,Superfície,Lascamento unipolar,Quartzito,Fina,Homogêneo,Opaco,Instrumento,Completo,Menor ou Igual a 1/2,Seixo,Sem Alteração,5 a 6 cm,4 a 5 cm,1 a 2 cm,,,,,,,,,,,,,,,Bifacial,Seixo,Indeterminado,Indeterminado,Ausente,Indeterminado,Indeterminado,Fotografia e desenho,,,,,,,,,,,,,
140,Coqueiro,Indeterminado,Superfície,Lascamento unipolar,Silexito,Inexistente,Homogêneo,Opaco,Instrumento,Completo,Sem Superfície Natural,Inexistente,Sem Alteração,2 a 3 cm,2 a 3 cm,0 a 1 cm,,,,,,,,,,,,,,,Unifacial,Lasca unipolar,2,Lateral,Ausente,Indeterminado,Formal não padronizado,Fotografia e desenho,Retoque,Invasor Regular,Direto,Paralelo,Retilíneo,Rasante (0-20),Lateral,Total,Contínuo,,,,
141,Coqueiro,Indeterminado,Superfície,Lascamento unipolar,Silexito,Inexistente,Homogêneo,Opaco,Instrumento,Proximal/Mesial,Sem Superfície Natural,Inexistente,Sem Alteração,4 a 5 cm,3 a 4 cm,0 a 1 cm,,,,,,,,,,,,,,,Unifacial,Lasca unipolar,Indeterminado,Lateral,Ausente,Indeterminado,Formal não padronizado,Fotografia,Retoque,Marginal Irregular,Direto,Subparalelo,Convexo,Rasante (0-20),Lateral,Parcial,Contínuo,,,,
142,Coqueiro,Indeterminado,Superfície,Lascamento unipolar,Silexito,Inexistente,Homogêneo,Opaco,Instrumento,Proximal/Mesial,Sem Superfície Natural,Inexistente,Sem Alteração,3 a 4 cm,2 a 3 cm,0 a 1 cm,,,,,,,,,,,,,,,Unifacial,Indeterminado,Indeterminado,Indeterminado,Ausente,Indeterminado,Indeterminado,Fotografia,Retoque,Marginal Irregular,Direto,Subparalelo,Côncavo,Semi-abrupto (60-70),Lateral,Parcial,Contínuo,,,,
143,Coqueiro,Indeterminado,Superfície,Lascamento unipolar,Silexito,Inexistente,Homogêneo,Opaco,Instrumento,Proximal/Distal (Fratura Longitudinal),Sem Superfície Natural,Inexistente,Sem Alteração,6 a 7 cm,2 a 3 cm,0 a 1 cm,,,,,,,,,,,,,,,Unifacial,Lasca unipolar,Indeterminado,Lateral,Ausente,Indeterminado,Indeterminado,Fotografia e desenho,,,,,,,,,,,,,
144,Coqueiro,Indeterminado,Superfície,Lascamento unipolar,Silexito,Inexistente,Homogêneo,Opaco,Instrumento,Só Mesial,Sem Superfície Natural,Inexistente,Sem Alteração,4 a 5 cm,2 a 3 cm,0 a 1 cm,,,,,,,,,,,,,,,Unifacial,Lasca unipolar,2,Lateral,Ausente,Indeterminado,Indeterminado,,Retoque,Invasor Regular,Direto,Paralelo,Convexo,Rasante (0-20),Lateral,Total,Contínuo,,,,
145,Coqueiro,Indeterminado,Superfície,Lascamento unipolar,Silexito,Inexistente,Homogêneo,Opaco,Instrumento,Proximal/Mesial,Sem Superfície Natural,Inexistente,Sem Alteração,3 a 4 cm,3 a 4 cm,0 a 1 cm,,,,,,,,,,,,,,,Unifacial,Lasca unipolar,2,Lateral,Ausente,Indeterminado,Indeterminado,,Retoque,Marginal Regular,Direto,Paralelo,Retilíneo,Rasante (0-20),Lateral,Total,Contínuo,,,,
146,Coqueiro,Indeterminado,Superfície,Lascamento unipolar,Silexito,Inexistente,Homogêneo,Opaco,Instrumento,Completo,Menor ou Igual a 1/2,Seixo,Sem Alteração,5 a 6 cm,1 a 2 cm,0 a 1 cm,,,,,,,,,,,,,,,Unifacial,Lasca unipolar,Indeterminado,Indeterminado,Ausente,Indeterminado,Indeterminado,Fotografia,Retoque,Marginal Irregular,Direto,Subparalelo,Côncavo,Rasante (0-20),Lateral,Parcial,Contínuo,,,,
147,Coqueiro,Indeterminado,Superfície,Lascamento unipolar,Silexito,Inexistente,Homogêneo,Opaco,Instrumento,Completo,Sem Superfície Natural,Inexistente,Sem Alteração,6 a 7 cm,2 a 3 cm,0 a 1 cm,,,,,,,,,,,,,,,Unifacial,Lasca unipolar,1,Lateral,Ausente,Indeterminado,Formal padronizado,Fotografia e desenho,Retoque,Marginal Irregular,Direto,Paralelo,Côncavo,Rasante (0-20),Lateral,Total,Contínuo,,,,
148,Coqueiro,Indeterminado,Superfície,Lascamento unipolar,Silexito,Inexistente,Homogêneo,Opaco,Instrumento,Completo,Sem Superfície Natural,Inexistente,Sem Alteração,6 a 7 cm,2 a 3 cm,0 a 1 cm,,,,,,,,,,,,,,,Unifacial,Lasca unipolar,2,Lateral,Ausente,Indeterminado,Formal padronizado,Fotografia,Retoque,Marginal Regular,Direto,Paralelo,Retilíneo,Rasante (0-20),Lateral,Total,Contínuo,,,,
149,Coqueiro,Indeterminado,Superfície,Lascamento unipolar,Silexito,Inexistente,Homogêneo,Opaco,Instrumento,Completo,Sem Superfície Natural,Inexistente,Sem Alteração,5 a 6 cm,1 a 2 cm,0 a 1 cm,,,,,,,,,,,,,,,Unifacial,Lasca unipolar,2,Lateral,Ausente,Indeterminado,Formal padronizado,Fotografia,Retoque,Marginal Regular,Direto,Paralelo,Retilíneo,Rasante (0-20),Lateral,Total,Contínuo,,,,
150,Coqueiro,Indeterminado,Superfície,Lascamento unipolar,Silexito,Inexistente,Homogêneo,Opaco,Instrumento,Completo,Sem Superfície Natural,Inexistente,Sem Alteração,6 a 7 cm,2 a 3 cm,0 a 1 cm,,,,,,,,,,,,,,,Unifacial,Lasca unipolar,2,Lateral,Ausente,Indeterminado,Formal padronizado,Fotografia,Retoque,Marginal Regular,Direto,Paralelo,Retilíneo,Rasante (0-20),Lateral,Total,Contínuo,,,,
151,Coqueiro,Indeterminado,Superfície,Lascamento unipolar,Silexito,Inexistente,Homogêneo,Opaco,Instrumento,Completo,Sem Superfície Natural,Inexistente,Sem Alteração,6 a 7 cm,2 a 3 cm,0 a 1 cm,,,,,,,,,,,,,,,Unifacial,Lasca unipolar,2,Lateral,Ausente,Indeterminado,Formal padronizado,Fotografia e desenho,Retoque,Marginal Regular,Direto,Paralelo,Retilíneo,Rasante (0-20),Lateral,Total,Contínuo,,,,
152,Coqueiro,Indeterminado,Superfície,Lascamento unipolar,Silexito,Inexistente,Homogêneo,Opaco,Instrumento,Completo,Sem Superfície Natural,Inexistente,Sem Alteração,7 a 8 cm,1 a 2 cm,0 a 1 cm,,,,,,,,,,,,,,,Unifacial,Lâmina unipolar,2,Lateral,Ausente,Indeterminado,Formal padronizado,Fotografia e desenho,Retoque,Invasor Regular,Direto,Paralelo,Retilíneo,Rasante (0-20),Lateral,Total,Contínuo,,,,
153,Coqueiro,Indeterminado,Superfície,Lascamento unipolar,Arenito,Média,Homogêneo,Opaco,Pré-forma,Completo,Menor ou Igual a 1/4,Bloco,Queima/Alteração de cor,10 a 11 cm,6 a 7 cm,3 a 4 cm,,,,,,,,,,,,,,,,,,,,,,,,,,,,,,,,,,,
