NP,Sítio,Coleta,Nível,Localização,Técnica de transformação,Matéria-prima,Classe artefatual,Tipo de córtex,Alterações da superfície,Comprimento,Largura,Espessura,Tipo de lascas,Talão,Preparação no talão,Canto ventral do plano de percussão direto,Forma do bulbo,Número de cicatrizes,Direção das cicatrizes,Perfil,Tipo de núcleo,Tipo de plataforma de percussão,Preparação,Tipo de instrumento,Base de modificação primária,Quantidade de gumes,Sentido de utilização da lasca
Ant 1.1,Barra D’Anta,A1,Superfície,I,Lascamento Unipolar,Silexito,Lasca,Inexistente,Sem alteração,1 a 2 cm,1 a 2 cm,0 a 1 cm,Lasca de formatação,Linear,Sem preparação,Sem formação de lábio,Pronunciado,4 ou +,Ortogonal,Retilíneo,,,,,,,
Ant 1.2,Barra D’Anta,A1,Superfície,I,Indeterminado,Silexito,Detrito,Inexistente,Sem alteração,1 a 2 cm,1 a 2 cm,1 a 2 cm,,,,,,,,,,,,,,,
Ant 1.3,Barra D’Anta,A1,Superfície,I,Lascamento Unipolar,Silexito,Lasca,Seixo,Sem alteração,3 a 4 cm,2 a 3 cm,1 a 2 cm,Lasca cortical,Cortical,Sem preparação,Sem formação de lábio,Indeterminado,Nenhuma,Sem informação,Retilíneo,,,,,,,
Ant 1.4,Barra D’Anta,A1,Superfície,I,Lascamento Unipolar,Silexito,Lasca,Inexistente,Sem alteração,1 a 2 cm,2 a 3 cm,0 a 1 cm,Lasca de debitagem,Indeterminado,Indeterminado,Indeterminado,Indeterminado,2,Ortogonal,Retilíneo,,,,,,,
Ant 1.5,Barra D’Anta,A1,Superfície,I,Lascamento Unipolar,Silexito,Lasca,Seixo,Sem alteração,5 a 6 cm,3 a 4 cm,1 a 2 cm,Lasca cortical,Cortical,Sem preparação,Sem formação de lábio,Difuso,Nenhuma,Sem informação,Retilíneo,,,,,,,
Ant 1.6,Barra D’Anta,A1,Superfície,I,Lascamento bipolar,Silexito,Lasca,Seixo,Sem alteração,4 a 5 cm,2 a 3 cm,1 a 2 cm,Lasca cortical,Indeterminado,Indeterminado,Indeterminado,Indeterminado,Nenhuma,Sem informação,Retilíneo,,,,,,,
Ant 1.7,Barra D’Anta,A1,Superfície,I,Lascamento Unipolar,Silexito,Lasca,Inexistente,Sem alteração,2 a 3 cm,1 a 2 cm,0 a 1 cm,Lasca de debitagem,Indeterminado,Indeterminado,Indeterminado,Indeterminado,3,Paralela,Retilíneo,,,,,,,
Ant 1.8,Barra D’Anta,A1,Superfície,I,Lascamento Unipolar,Silexito,Lasca,Seixo,Sem alteração,1 a 2 cm,2 a 3 cm,0 a 1 cm,Lasca cortical,Indeterminado,Indeterminado,Indeterminado,Indeterminado,Nenhuma,Sem informação,Retilíneo,,,,,,,
Ant 1.9,Barra D’Anta,A1,Superfície,I,Lascamento Unipolar,Silexito,Lasca,Seixo,Sem alteração,2 a 3 cm,2 a 3 cm,0 a 1 cm,Lasca cortical,Indeterminado,Indeterminado,Indeterminado,Indeterminado,1,Uma cicatriz apenas,Retilíneo,,,,,,,
Ant 1.10,Barra D’Anta,A1,Superfície,I,Lascamento Unipolar,Silexito,Lasca,Seixo,Sem alteração,2 a 3 cm,1 a 2 cm,0 a 1 cm,Lasca cortical,Cortical,Sem preparação,Sem formação de lábio,Pronunciado,1,Uma cicatriz apenas,Retilíneo,,,,,,,
Ant 1.11,Barra D’Anta,A1,Superfície,I,Indeterminado,Quartzito,Detrito,Inexistente,Sem alteração,2 a 3 cm,1 a 2 cm,1 a 2 cm,,,,,,,,,,,,,,,
Ant 1.12,Barra D’Anta,A1,Superfície,I,Lascamento Unipolar,Arenito silicificado,Lasca,Inexistente,Sem alteração,3 a 4 cm,2 a 3 cm,1 a 2 cm,Lasca de debitagem,Indeterminado,Indeterminado,Indeterminado,Indeterminado,3,Paralela,Retilíneo,,,,,,,
Ant 1.13,Barra D’Anta,A1,Superfície,I,Lascamento Unipolar,Silexito,Lasca,Seixo,Sem alteração,3 a 4 cm,2 a 3 cm,0 a 1 cm,Lasca de debitagem,Linear,Com preparação,Sem formação de lábio,Pronunciado,3,Ortogonal,Helicoidal,,,,,,,
Ant 1.14,Barra D’Anta,A1,Superfície,I,Lascamento Unipolar,Silexito,Lasca,Seixo,Sem alteração,2 a 3 cm,2 a 3 cm,0 a 1 cm,Lasca cortical,Cortical,Sem preparação,Sem formação de lábio,Pronunciado,4 ou +,Ortogonal,Helicoidal,,,,,,,
Ant 1.15,Barra D’Anta,A1,Superfície,I,Lascamento Unipolar,Silexito,Lasca,Seixo,Sem alteração,1 a 2 cm,2 a 3 cm,0 a 1 cm,Lasca de debitagem,Indeterminado,Indeterminado,Indeterminado,Indeterminado,1,Uma cicatriz apenas,Indeterminado,,,,,,,
Ant 1.16,Barra D’Anta,A1,Superfície,I,Indeterminado,Indeterminado,Lasca,Inexistente,Sem alteração,2 a 3 cm,0 a 1 cm,0 a 1 cm,Indeterminado,Indeterminado,Indeterminado,Indeterminado,Indeterminado,1,Uma cicatriz apenas,Indeterminado,,,,,,,
Ant 1.17,Barra D’Anta,A1,Superfície,I,Indeterminado,Silexito,Lasca,Seixo,Sem alteração,3 a 4 cm,1 a 2 cm,1 a 2 cm,Lasca cortical,Indeterminado,Indeterminado,Indeterminado,Indeterminado,Nenhuma,Sem informação,Retilíneo,,,,,,,
Ant 1.18,Barra D’Anta,A1,Superfície,I,Lascamento Unipolar,Basalto,Lasca,Inexistente,Sem alteração,4 a 5 cm,6 a 7 cm,1 a 2 cm,Lasca de debitagem,Liso,Indeterminado,Sem formação de lábio,Pronunciado,1,Uma cicatriz apenas,Retilíneo,,,,,,,
Ant 1,Barra D’Anta,-,Superfície,-,Lascamento Unipolar,Silexito,Lasca,Seixo,Sem alteração,,,,Lasca de retoque,,,,,,,,,,,,,,
Ant 1,Barra D’Anta,-,Superfície,-,Lascamento Unipolar,Silexito,Lasca,Inexistente,Sem alteração,,,,Lasca de retoque,,,,,,,,,,,,,,
Ant 1,Barra D’Anta,-,Superfície,-,Lascamento Unipolar,Silexito,Lasca,Inexistente,Sem alteração,,,,Lasca de retoque,,,,,,,,,,,,,,
Ant 1,Barra D’Anta,-,Superfície,-,Lascamento Unipolar,Silexito,Lasca,Inexistente,Sem alteração,,,,Lasca de retoque,,,,,,,,,,,,,,
Ant 1,Barra D’Anta,-,Superfície,-,Lascamento Unipolar,Silexito,Lasca,Inexistente,Sem alteração,,,,Lasca de retoque,,,,,,,,,,,,,,
Ant 1,Barra D’Anta,-,Superfície,-,Lascamento Unipolar,Silexito,Lasca,Inexistente,Sem alteração,,,,Lasca de retoque,,,,,,,,,,,,,,
Ant 1,Barra D’Anta,-,Superfície,-,Lascamento Unipolar,Silexito,Lasca,Inexistente,Sem alteração,,,,Lasca de retoque,,,,,,,,,,,,,,
Ant 1,Barra D’Anta,-,Superfície,-,Lascamento Unipolar,Silexito,Lasca,Inexistente,Sem alteração,,,,Lasca de retoque,,,,,,,,,,,,,,
Ant 1,Barra D’Anta,-,Superfície,-,Lascamento Unipolar,Silexito,Lasca,Inexistente,Sem alteração,,,,Lasca de retoque,,,,,,,,,,,,,,
Ant 1,Barra D’Anta,-,Superfície,-,Lascamento Unipolar,Silexito,Lasca,Inexistente,Sem alteração,,,,Lasca de retoque,,,,,,,,,,,,,,
Ant 1,Barra D’Anta,-,Superfície,-,Lascamento Unipolar,Silexito,Lasca,Inexistente,Sem alteração,,,,Lasca de retoque,,,,,,,,,,,,,,
Ant 1,Barra D’Anta,-,Superfície,-,Lascamento Unipolar,Silexito,Lasca,Inexistente,Sem alteração,,,,Lasca de retoque,,,,,,,,,,,,,,
Ant 1,Barra D’Anta,-,Superfície,-,Lascamento Unipolar,Silexito,Lasca,Inexistente,Sem alteração,,,,Lasca de retoque,,,,,,,,,,,,,,
Ant 1,Barra D’Anta,-,Superfície,-,Lascamento Unipolar,Silexito,Lasca,Inexistente,Sem alteração,,,,Lasca de retoque,,,,,,,,,,,,,,
Ant 1,Barra D’Anta,-,Superfície,-,Lascamento Unipolar,Silexito,Lasca,Inexistente,Sem alteração,,,,Lasca de retoque,,,,,,,,,,,,,,
Ant 1,Barra D’Anta,-,Superfície,-,Lascamento Unipolar,Silexito,Lasca,Inexistente,Sem alteração,,,,Lasca de retoque,,,,,,,,,,,,,,
Ant 1,Barra D’Anta,-,Superfície,-,Lascamento Unipolar,Quartzo leitoso,Lasca,Inexistente,Sem alteração,,,,Lasca de debitagem,,,,,,,,,,,,,,
Ant 1,Barra D’Anta,-,Superfície,-,Lascamento Unipolar,Quartzo leitoso,Lasca,Inexistente,Sem alteração,,,,Lasca de retoque,,,,,,,,,,,,,,
Ant 1,Barra D’Anta,-,Superfície,-,Lascamento Unipolar,Quartzo leitoso,Lasca,Inexistente,Sem alteração,,,,Lasca de retoque,,,,,,,,,,,,,,
Ant 1,Barra D’Anta,-,Superfície,-,Lascamento Unipolar,Silexito,Lasca,Inexistente,Sem alteração,,,,Lasca de formatação,Facetado,Indeterminado,Com formação de lábio,Pronunciado,4 ou +,Ortogonal,Retilíneo,,,,,,,
Ant 1,Barra D’Anta,-,Superfície,-,Lascamento Unipolar,Silexito,Lasca,Seixo,Sem alteração,,,,Indeterminado,,,,,,,,,,,,,,
Ant 1,Barra D’Anta,-,Superfície,-,Indeterminado,Silexito,Detrito,Seixo,Sem alteração,,,,,,,,,,,,,,,,,,
Ant 2.1,Barra D’Anta,A1,Superfície,I,Vestígios de impacto,Quartzito,Instrumento,Seixo,Sem alteração,9 a 10 cm,6 a 7 cm,3 a 4 cm,,,,,,,,,,,,Instrumento sobre peça bruta,Seixo,Indeterminado,Distal
Ant 2.2,Barra D’Anta,A2,Superfície,I,Indeterminado,Basalto,Detrito,Inexistente,Queima/Alteração de cor,6 a 7 cm,3 a 4 cm,2 a 3 cm,,,,,,,,,,,,,,,
Ant 2.3,Barra D’Anta,A2,Superfície,I,Lascamento Unipolar,Basalto,Lasca,Inexistente,Queima/Alteração de cor,4 a 5 cm,7 a 8 cm,1 a 2 cm,Lasca de debitagem,Liso,Sem preparação,Sem formação de lábio,Pronunciado,1,Uma cicatriz apenas,Retilíneo,,,,,,,
Ant 2.4,Barra D’Anta,A2,Superfície,I,Lascamento Unipolar,Basalto,Lasca,Inexistente,Sem alteração,2 a 3 cm,3 a 4 cm,0 a 1 cm,Indeterminado,Indeterminado,Indeterminado,Indeterminado,Indeterminado,Nenhuma,Sem informação,Retilíneo,,,,,,,
Ant 2.5,Barra D’Anta,A2,Superfície,I,Lascamento Unipolar,Quartzo leitoso,Lasca,Seixo,Sem alteração,3 a 4 cm,2 a 3 cm,1 a 2 cm,Lasca cortical,Indeterminado,Indeterminado,Indeterminado,Indeterminado,1,Uma cicatriz apenas,Retilíneo,,,,,,,
Ant 2.6,Barra D’Anta,A2,Superfície,I,Lascamento Unipolar,Silexito,Núcleo,Seixo,Sem alteração,5 a 6 cm,4 a 5 cm,3 a 4 cm,,,,,,,,,Núcleo unipolar com dois planos de percussão em ângulo,Cortical,Sem preparação,,,,
Ant 2.7,Barra D’Anta,A2,Superfície,I,Indeterminado,Silexito,Lasca,Seixo,Sem alteração,2 a 3 cm,1 a 2 cm,0 a 1 cm,Lasca cortical,Indeterminado,Indeterminado,Indeterminado,Indeterminado,Nenhuma,Sem informação,Retilíneo,,,,,,,
Ant 2.8,Barra D’Anta,A2,Superfície,I,Lascamento Unipolar,Silexito,Lasca,Inexistente,Sem alteração,1 a 2 cm,2 a 3 cm,0 a 1 cm,Lasca de formatação,Linear,Sem preparação,Com formação de lábio,Difuso,2,Ortogonal,Retilíneo,,,,,,,
Ant 2.9,Barra D’Anta,A2,Superfície,I,Lascamento Unipolar,Basalto,Lasca,Inexistente,Queima/Alteração de cor,1 a 2 cm,3 a 4 cm,0 a 1 cm,Lasca de debitagem,Indeterminado,Indeterminado,Indeterminado,Indeterminado,Indeterminado,Indeterminado,Retilíneo,,,,,,,
Ant 2.10,Barra D’Anta,A2,Superfície,I,Lascamento Unipolar,Quartzo leitoso,Lasca,Inexistente,Sem alteração,2 a 3 cm,2 a 3 cm,0 a 1 cm,Lasca de debitagem,Indeterminado,Indeterminado,Indeterminado,Indeterminado,Indeterminado,Indeterminado,Retilíneo,,,,,,,
Ant 2.11,Barra D’Anta,A2,Superfície,I,Lascamento Unipolar,Silexito,Instrumento,Seixo,Sem alteração,5 a 6 cm,3 a 4 cm,1 a 2 cm,,,,,,,,,,,,Unifacial,Indeterminado,0,Indeterminado
Ant 2.12,Barra D’Anta,A2,Superfície,I,Lascamento Unipolar,Quartzito,Lasca,Seixo,Sem alteração,2 a 3 cm,1 a 2 cm,0 a 1 cm,Lasca cortical,Indeterminado,Indeterminado,Indeterminado,Indeterminado,Nenhuma,Sem informação,Retilíneo,,,,,,,
Ant 2.13,Barra D’Anta,A2,Superfície,I,Lascamento Unipolar,Silexito,Lasca,Inexistente,Sem alteração,4 a 5 cm,3 a 4 cm,0 a 1 cm,Lasca de debitagem,Liso,Sem preparação,Sem formação de lábio,Difuso,4 ou +,Ortogonal,Helicoidal,,,,,,,
Ant 2.14,Barra D’Anta,A2,Superfície,I,Lascamento Unipolar,Silexito,Lasca,Seixo,Sem alteração,2 a 3 cm,1 a 2 cm,0 a 1 cm,Lasca de debitagem,Liso,Sem preparação,Sem formação de lábio,Pronunciado,4 ou +,Ortogonal,Helicoidal,,,,,,,
Ant 2.15,Barra D’Anta,A2,Superfície,I,Lascamento Unipolar,Silexito,Lasca,Seixo,Sem alteração,2 a 3 cm,2 a 3 cm,0 a 1 cm,Lasca de debitagem,Liso,Sem preparação,Sem formação de lábio,Pronunciado,1,Uma cicatriz apenas,Retilíneo,,,,,,,
Ant 2.16,Barra D’Anta,A2,Superfície,I,Lascamento Unipolar,Silexito,Lasca,Inexistente,Sem alteração,3 a 4 cm,2 a 3 cm,0 a 1 cm,Lasca de formatação,Indeterminado,Indeterminado,Indeterminado,Indeterminado,4 ou +,Ortogonal,Helicoidal,,,,,,,
Ant 2.17,Barra D’Anta,A2,Superfície,I,Lascamento Unipolar,Silexito,Lasca,Seixo,Sem alteração,2 a 3 cm,2 a 3 cm,0 a 1 cm,Lasca cortical,Liso,Sem preparação,Sem formação de lábio,Pronunciado,1,Uma cicatriz apenas,Retilíneo,,,,,,,
Ant 2.18,Barra D’Anta,A2,Superfície,I,Lascamento Unipolar,Basalto,Lasca,Inexistente,Sem alteração,2 a 3 cm,2 a 3 cm,0 a 1 cm,Lasca de debitagem,Liso,Sem preparação,Sem formação de lábio,Difuso,1,Uma cicatriz apenas,Retilíneo,,,,,,,
Ant 2.19,Barra D’Anta,A2,Superfície,I,Indeterminado,Silexito,Lasca,Seixo,Sem alteração,2 a 3 cm,2 a 3 cm,0 a 1 cm,Lasca de debitagem,Indeterminado,Indeterminado,Indeterminado,Indeterminado,1,Uma cicatriz apenas,Helicoidal,,,,,,,
Ant 2.20,Barra D’Anta,A2,Superfície,I,Lascamento Unipolar,Basalto,Lasca,Inexistente,Sem alteração,4 a 5 cm,6 a 7 cm,1 a 2 cm,Lasca de debitagem,Liso,Sem preparação,Sem formação de lábio,Pronunciado,2,Paralela,Retilíneo,,,,,,,
Ant 2.21,Barra D’Anta,A2,Superfície,I,Lascamento Unipolar,Basalto,Lasca,Inexistente,Sem alteração,5 a 6 cm,3 a 4 cm,1 a 2 cm,Lasca de debitagem,Indeterminado,Indeterminado,Indeterminado,Indeterminado,Indeterminado,Indeterminado,Retilíneo,,,,,,,
Ant 2.22,Barra D’Anta,A2,Superfície,I,Lascamento Unipolar,Basalto,Lasca,Inexistente,Sem alteração,3 a 4 cm,6 a 7 cm,1 a 2 cm,Lasca de debitagem,Liso,Sem preparação,Sem formação de lábio,Pronunciado,2,Paralela,Curvo,,,,,,,
Ant 2.23,Barra D’Anta,A2,Superfície,I,Indeterminado,Basalto,Detrito,Inexistente,Sem alteração,2 a 3 cm,2 a 3 cm,0 a 1 cm,,,,,,,,,,,,,,,
Ant 2.24,Barra D’Anta,A2,Superfície,I,Lascamento Unipolar,Silexito,Lasca,Inexistente,Sem alteração,2 a 3 cm,2 a 3 cm,0 a 1 cm,Lasca de debitagem,Diedro,Sem preparação,Com formação de lábio,Difuso,2,Paralela,Helicoidal,,,,,,,
Ant 2.25,Barra D’Anta,A2,Superfície,I,Indeterminado,Silexito,Detrito,Seixo,Sem alteração,2 a 3 cm,1 a 2 cm,1 a 2 cm,,,,,,,,,,,,,,,
Ant 2.26,Barra D’Anta,A2,Superfície,I,Lascamento Unipolar,Silexito,Lasca,Inexistente,Sem alteração,2 a 3 cm,1 a 2 cm,0 a 1 cm,Lasca de debitagem,Indeterminado,Indeterminado,Indeterminado,Indeterminado,4 ou +,Ortogonal,Helicoidal,,,,,,,
Ant 2.27,Barra D’Anta,A2,Superfície,I,Indeterminado,Indeterminado,Detrito,Inexistente,Sem alteração,,,,,,,,,,,,,,,,,,
Ant 2.28,Barra D’Anta,A2,Superfície,I,Sem transformação,Basalto,Natural,Seixo,Sem alteração,15 a 16 cm,10 a 11 cm,8 a 9 cm,,,,,,,,,,,,,,,
Ant 2.29,Barra D’Anta,A2,Superfície,I,Lascamento Unipolar,Basalto,Instrumento,Seixo,Sem alteração,29 a 30 cm,8 a 9 cm,7 a 8 cm,,,,,,,,,,,,Bifacial,Seixo,Indeterminado,Indeterminado
Ant 2,Barra D’Anta,-,Superfície,-,Lascamento Unipolar,Silexito,Lasca,Seixo,Sem alteração,,,,Lasca de retoque,,,,,,,,,,,,,,
Ant 2,Barra D’Anta,-,Superfície,-,Lascamento Unipolar,Silexito,Lasca,Inexistente,Sem alteração,,,,Lasca de retoque,,,,,,,,,,,,,,
Ant 2,Barra D’Anta,-,Superfície,-,Lascamento Unipolar,Silexito,Lasca,Inexistente,Sem alteração,,,,Lasca de retoque,,,,,,,,,,,,,,
Ant 2,Barra D’Anta,-,Superfície,-,Lascamento Unipolar,Silexito,Lasca,Inexistente,Sem alteração,,,,Lasca de retoque,,,,,,,,,,,,,,
Ant 2,Barra D’Anta,-,Superfície,-,Lascamento Unipolar,Silexito,Lasca,Inexistente,Sem alteração,,,,Lasca de retoque,,,,,,,,,,,,,,
Ant 2,Barra D’Anta,-,Superfície,-,Lascamento Unipolar,Silexito,Lasca,Inexistente,Sem alteração,,,,Lasca de retoque,,,,,,,,,,,,,,
Ant 2,Barra D’Anta,-,Superfície,-,Lascamento Unipolar,Silexito,Lasca,Inexistente,Sem alteração,,,,Lasca de retoque,,,,,,,,,,,,,,
Ant 2,Barra D’Anta,-,Superfície,-,Lascamento Unipolar,Silexito,Lasca,Inexistente,Sem alteração,,,,Lasca de retoque,,,,,,,,,,,,,,
Ant 2,Barra D’Anta,-,Superfície,-,Lascamento Unipolar,Silexito,Lasca,Inexistente,Sem alteração,,,,Lasca de retoque,,,,,,,,,,,,,,
Ant 2,Barra D’Anta,-,Superfície,-,Lascamento Unipolar,Silexito,Lasca,Inexistente,Sem alteração,,,,Lasca de retoque,,,,,,,,,,,,,,
Ant 2,Barra D’Anta,-,Superfície,-,Lascamento Unipolar,Silexito,Lasca,Inexistente,Sem alteração,,,,Lasca de retoque,,,,,,,,,,,,,,
Ant 2,Barra D’Anta,-,Superfície,-,Lascamento Unipolar,Silexito,Lasca,Inexistente,Sem alteração,,,,Lasca de retoque,,,,,,,,,,,,,,
Ant 2,Barra D’Anta,-,Superfície,-,Lascamento Unipolar,Silexito,Lasca,Inexistente,Sem alteração,,,,Lasca de retoque,,,,,,,,,,,,,,
Ant 2,Barra D’Anta,-,Superfície,-,Lascamento Unipolar,Silexito,Lasca,Inexistente,Sem alteração,,,,Lasca de retoque,,,,,,,,,,,,,,
Ant 2,Barra D’Anta,-,Superfície,-,Lascamento Unipolar,Silexito,Lasca,Inexistente,Sem alteração,,,,Lasca de retoque,,,,,,,,,,,,,,
Ant 2,Barra D’Anta,-,Superfície,-,Lascamento Unipolar,Silexito,Lasca,Inexistente,Sem alteração,,,,Lasca de retoque,,,,,,,,,,,,,,
Ant 2,Barra D’Anta,-,Superfície,-,Lascamento Unipolar,Silexito,Lasca,Inexistente,Sem alteração,,,,Lasca de retoque,,,,,,,,,,,,,,
Ant 2,Barra D’Anta,-,Superfície,-,Lascamento Unipolar,Silexito,Lasca,Inexistente,Sem alteração,,,,Lasca de retoque,,,,,,,,,,,,,,
Ant 2,Barra D’Anta,-,Superfície,-,Lascamento Unipolar,Silexito,Lasca,Inexistente,Sem alteração,,,,Lasca de retoque,,,,,,,,,,,,,,
Ant 2,Barra D’Anta,-,Superfície,-,Lascamento Unipolar,Silexito,Lasca,Inexistente,Sem alteração,,,,Lasca de retoque,,,,,,,,,,,,,,
Ant 2,Barra D’Anta,-,Superfície,-,Lascamento Unipolar,Silexito,Lasca,Inexistente,Sem alteração,,,,Lasca de retoque,,,,,,,,,,,,,,
Ant 2,Barra D’Anta,-,Superfície,-,Lascamento Unipolar,Silexito,Lasca,Inexistente,Sem alteração,,,,Lasca de retoque,,,,,,,,,,,,,,
Ant 2,Barra D’Anta,-,Superfície,-,Indeterminado,Silexito,Detrito,Seixo,Sem alteração,,,,,,,,,,,,,,,,,,
Ant 2,Barra D’Anta,-,Superfície,-,Indeterminado,Silexito,Detrito,Inexistente,Sem alteração,,,,,,,,,,,,,,,,,,
Ant 2,Barra D’Anta,-,Superfície,-,Indeterminado,Silexito,Detrito,Inexistente,Sem alteração,,,,,,,,,,,,,,,,,,
Ant 2,Barra D’Anta,-,Superfície,-,Lascamento Unipolar,Quartzito,Lasca,Inexistente,Sem alteração,,,,Lasca de retoque,,,,,,,,,,,,,,
Ant 2,Barra D’Anta,-,Superfície,-,Lascamento Unipolar,Quartzo leitoso,Lasca,Inexistente,Sem alteração,,,,,,,,,,,,,,,,,,
Ant 2,Barra D’Anta,-,Superfície,-,Indeterminado,Basalto,Detrito,Inexistente,Sem alteração,,,,,,,,,,,,,,,,,,
Ant 2,Barra D’Anta,-,Superfície,-,Indeterminado,Basalto,Detrito,Inexistente,Sem alteração,,,,,,,,,,,,,,,,,,
Ant 2,Barra D’Anta,-,Superfície,-,Indeterminado,Basalto,Detrito,Inexistente,Sem alteração,,,,,,,,,,,,,,,,,,
Ant 2,Barra D’Anta,-,Superfície,-,Indeterminado,Indeterminado,Detrito,Inexistente,Sem alteração,,,,,,,,,,,,,,,,,,
Ant 3.1,Barra D’Anta,A3,Superfície,I,Indeterminado,Basalto,Detrito,Inexistente,Sem alteração,5 a 6 cm,4 a 5 cm,2 a 3 cm,,,,,,,,,,,,,,,
Ant 3.2,Barra D’Anta,A3,Superfície,I,Indeterminado,Basalto,Detrito,Inexistente,Sem alteração,6 a 7 cm,3 a 4 cm,3 a 4 cm,,,,,,,,,,,,,,,
Ant 3.3,Barra D’Anta,A3,Superfície,I,Lascamento bipolar,Quartzo leitoso,Lasca,Seixo,Sem alteração,4 a 5 cm,3 a 4 cm,1 a 2 cm,Lasca cortical,Indeterminado,Indeterminado,Indeterminado,Indeterminado,Nenhuma,Sem informação,Retilíneo,,,,,,,
Ant 3.4,Barra D’Anta,A3,Superfície,I,Lascamento Unipolar,Silexito,Lasca,Seixo,Sem alteração,4 a 5 cm,3 a 4 cm,2 a 3 cm,Lasca cortical,Cortical,Sem preparação,Sem formação de lábio,Pronunciado,2,Ortogonal,Retilíneo,,,,,,,
Ant 3.5,Barra D’Anta,A3,Superfície,I,Lascamento Unipolar,Basalto,Lasca,Inexistente,Queima/Alteração de cor,3 a 4 cm,4 a 5 cm,1 a 2 cm,Lasca de debitagem,Liso,Sem preparação,Sem formação de lábio,Pronunciado,1,Uma cicatriz apenas,Retilíneo,,,,,,,
Ant 3.6,Barra D’Anta,A3,Superfície,I,Lascamento Unipolar,Silexito,Instrumento,Inexistente,Sem alteração,2 a 3 cm,4 a 5 cm,1 a 2 cm,,,,,,,,,,,,Bifacial,Indeterminado,Indeterminado,Indeterminado
Ant 3.7,Barra D’Anta,A3,Superfície,I,Indeterminado,Silexito,Detrito,Inexistente,Queima/Alteração de cor,3 a 4 cm,2 a 3 cm,1 a 2 cm,,,,,,,,,,,,,,,
Ant 3.8,Barra D’Anta,A3,Superfície,I,Lascamento Unipolar,Basalto,Lasca,Inexistente,Queima/Alteração de cor,2 a 3 cm,2 a 3 cm,0 a 1 cm,Lasca de debitagem,Liso,Sem preparação,Sem formação de lábio,Pronunciado,1,Uma cicatriz apenas,Retilíneo,,,,,,,
Ant 3.9,Barra D’Anta,A3,Superfície,I,Indeterminado,Basalto,Detrito,Inexistente,Queima/Alteração de cor,2 a 3 cm,2 a 3 cm,1 a 2 cm,,,,,,,,,,,,,,,
Ant 3.10,Barra D’Anta,A3,Superfície,I,Lascamento Unipolar,Silexito,Lasca,Seixo,Sem alteração,2 a 3 cm,1 a 2 cm,0 a 1 cm,Lasca de debitagem,Indeterminado,Indeterminado,Indeterminado,Indeterminado,2,Ortogonal,Helicoidal,,,,,,,
Ant 3.11,Barra D’Anta,A3,Superfície,I,Indeterminado,Silexito,Detrito,Inexistente,Sem alteração,2 a 3 cm,1 a 2 cm,0 a 1 cm,,,,,,,,,,,,,,,
Ant 3.12,Barra D’Anta,A3,Superfície,I,Lascamento Unipolar,Silexito,Lasca,Inexistente,Sem alteração,2 a 3 cm,2 a 3 cm,0 a 1 cm,Lasca de formatação,Indeterminado,Indeterminado,Indeterminado,Indeterminado,4 ou +,Ortogonal,Helicoidal,,,,,,,
Ant 3.13,Barra D’Anta,A3,Superfície,I,Lascamento Unipolar,Silexito,Lasca,Inexistente,Sem alteração,2 a 3 cm,1 a 2 cm,0 a 1 cm,Lasca de debitagem,Liso,Sem preparação,Sem formação de lábio,Pronunciado,3,Ortogonal,Retilíneo,,,,,,,
Ant 3.14,Barra D’Anta,A3,Superfície,I,Lascamento Unipolar,Silexito,Lasca,Seixo,Sem alteração,2 a 3 cm,2 a 3 cm,0 a 1 cm,Lasca de debitagem,Indeterminado,Com preparação,Sem formação de lábio,Pronunciado,1,Uma cicatriz apenas,Retilíneo,,,,,,,
Ant 3,Barra D’Anta,-,Superfície,-,Lascamento Unipolar,Silexito,Lasca,Seixo,Sem alteração,,,,Lasca de retoque,,,,,,,,,,,,,,
Ant 3,Barra D’Anta,-,Superfície,-,Lascamento Unipolar,Silexito,Lasca,Seixo,Sem alteração,,,,Lasca de retoque,,,,,,,,,,,,,,
Ant 3,Barra D’Anta,-,Superfície,-,Lascamento Unipolar,Silexito,Lasca,Seixo,Sem alteração,,,,Lasca de retoque,,,,,,,,,,,,,,
Ant 3,Barra D’Anta,-,Superfície,-,Lascamento Unipolar,Silexito,Lasca,Inexistente,Sem alteração,,,,Lasca de retoque,,,,,,,,,,,,,,
Ant 3,Barra D’Anta,-,Superfície,-,Lascamento Unipolar,Silexito,Lasca,Inexistente,Sem alteração,,,,Lasca de retoque,,,,,,,,,,,,,,
Ant 3,Barra D’Anta,-,Superfície,-,Lascamento Unipolar,Silexito,Lasca,Inexistente,Sem alteração,,,,Lasca de retoque,,,,,,,,,,,,,,
Ant 3,Barra D’Anta,-,Superfície,-,Lascamento Unipolar,Silexito,Lasca,Inexistente,Sem alteração,,,,Lasca de retoque,,,,,,,,,,,,,,
Ant 3,Barra D’Anta,-,Superfície,-,Lascamento Unipolar,Silexito,Lasca,Inexistente,Sem alteração,,,,Lasca de retoque,,,,,,,,,,,,,,
Ant 3,Barra D’Anta,-,Superfície,-,Lascamento Unipolar,Silexito,Lasca,Inexistente,Sem alteração,,,,Lasca de retoque,,,,,,,,,,,,,,
Ant 3,Barra D’Anta,-,Superfície,-,Lascamento Unipolar,Silexito,Lasca,Inexistente,Sem alteração,,,,Lasca de retoque,,,,,,,,,,,,,,
Ant 3,Barra D’Anta,-,Superfície,-,Lascamento Unipolar,Silexito,Lasca,Inexistente,Sem alteração,,,,Lasca de retoque,,,,,,,,,,,,,,
Ant 3,Barra D’Anta,-,Superfície,-,Lascamento Unipolar,Silexito,Lasca,Inexistente,Sem alteração,,,,Lasca de retoque,,,,,,,,,,,,,,
Ant 3,Barra D’Anta,-,Superfície,-,Lascamento Unipolar,Silexito,Lasca,Inexistente,Sem alteração,,,,Lasca de retoque,,,,,,,,,,,,,,
Ant 3,Barra D’Anta,-,Superfície,-,Lascamento Unipolar,Silexito,Lasca,Inexistente,Sem alteração,,,,Lasca de retoque,,,,,,,,,,,,,,
Ant 3,Barra D’Anta,-,Superfície,-,Lascamento Unipolar,Silexito,Lasca,Inexistente,Sem alteração,,,,Lasca de retoque,,,,,,,,,,,,,,
Ant 3,Barra D’Anta,-,Superfície,-,Lascamento Unipolar,Silexito,Lasca,Inexistente,Sem alteração,,,,Lasca de retoque,,,,,,,,,,,,,,
Ant 3,Barra D’Anta,-,Superfície,-,Lascamento Unipolar,Silexito,Lasca,Inexistente,Sem alteração,,,,Lasca de retoque,,,,,,,,,,,,,,
Ant 3,Barra D’Anta,-,Superfície,-,Lascamento Unipolar,Silexito,Lasca,Inexistente,Sem alteração,,,,Lasca de retoque,,,,,,,,,,,,,,
Ant 3,Barra D’Anta,-,Superfície,-,Lascamento Unipolar,Silexito,Lasca,Inexistente,Sem alteração,,,,Lasca de retoque,,,,,,,,,,,,,,
Ant 3,Barra D’Anta,-,Superfície,-,Lascamento Unipolar,Silexito,Lasca,Inexistente,Sem alteração,,,,Lasca de retoque,,,,,,,,,,,,,,
Ant 3,Barra D’Anta,-,Superfície,-,Sem transformação,Silexito,Natural,Seixo,Sem alteração,,,,,,,,,,,,,,,,,,
Ant 3,Barra D’Anta,-,Superfície,-,Sem transformação,Silexito,Natural,Seixo,Sem alteração,,,,,,,,,,,,,,,,,,
Ant 3,Barra D’Anta,-,Superfície,-,Indeterminado,Silexito,Detrito,Seixo,Sem alteração,,,,,,,,,,,,,,,,,,
Ant 3,Barra D’Anta,-,Superfície,-,Indeterminado,Silexito,Detrito,Seixo,Sem alteração,,,,,,,,,,,,,,,,,,
Ant 3,Barra D’Anta,-,Superfície,-,Indeterminado,Silexito,Detrito,Inexistente,Sem alteração,,,,,,,,,,,,,,,,,,
Ant 3,Barra D’Anta,-,Superfície,-,Indeterminado,Silexito,Detrito,Inexistente,Sem alteração,,,,,,,,,,,,,,,,,,
Ant 3,Barra D’Anta,-,Superfície,-,Indeterminado,Silexito,Detrito,Inexistente,Sem alteração,,,,,,,,,,,,,,,,,,
Ant 3,Barra D’Anta,-,Superfície,-,Indeterminado,Silexito,Detrito,Inexistente,Sem alteração,,,,,,,,,,,,,,,,,,
Ant 3,Barra D’Anta,-,Superfície,-,Indeterminado,Indeterminado,Detrito,Inexistente,Sem alteração,,,,,,,,,,,,,,,,,,
Ant 3,Barra D’Anta,-,Superfície,-,Indeterminado,Indeterminado,Detrito,Inexistente,Sem alteração,,,,,,,,,,,,,,,,,,
Ant 3,Barra D’Anta,-,Superfície,-,Indeterminado,Indeterminado,Detrito,Inexistente,Sem alteração,,,,,,,,,,,,,,,,,,
Ant 3,Barra D’Anta,-,Superfície,-,Indeterminado,Indeterminado,Detrito,Inexistente,Sem alteração,,,,,,,,,,,,,,,,,,
Ant 3,Barra D’Anta,-,Superfície,-,Indeterminado,Indeterminado,Detrito,Inexistente,Sem alteração,,,,,,,,,,,,,,,,,,
Ant 3,Barra D’Anta,-,Superfície,-,Indeterminado,Indeterminado,Detrito,Inexistente,Sem alteração,,,,,,,,,,,,,,,,,,
Ant 3,Barra D’Anta,-,Superfície,-,Lascamento Unipolar,Quartzo leitoso,Lasca,Inexistente,Sem alteração,,,,Lasca de retoque,,,,,,,,,,,,,,
Ant 3,Barra D’Anta,-,Superfície,-,Lascamento Unipolar,Quartzo leitoso,Lasca,Inexistente,Sem alteração,,,,Lasca de retoque,,,,,,,,,,,,,,
Ant 3,Barra D’Anta,-,Superfície,-,Lascamento Unipolar,Quartzo leitoso,Lasca,Inexistente,Sem alteração,,,,Lasca de retoque,,,,,,,,,,,,,,
Ant 3,Barra D’Anta,-,Superfície,-,Indeterminado,Silexito,Detrito,Inexistente,Sem alteração,,,,,,,,,,,,,,,,,,
Ant 4.1,Barra D’Anta,A4,Superfície,I,Lascamento bipolar,Silexito,Lasca,Seixo,Sem alteração,3 a 4 cm,3 a 4 cm,2 a 3 cm,Lasca cortical,Indeterminado,Indeterminado,Indeterminado,Indeterminado,Nenhuma,Sem informação,Retilíneo,,,,,,,
Ant 4.2,Barra D’Anta,A4,Superfície,I,Indeterminado,Silexito,Detrito,Seixo,Sem alteração,3 a 4 cm,3 a 4 cm,2 a 3 cm,,,,,,,,,,,,,,,
Ant 4.3,Barra D’Anta,A4,Superfície,I,Indeterminado,Basalto,Lasca,Inexistente,Queima/Alteração de cor,2 a 3 cm,4 a 5 cm,1 a 2 cm,Indeterminado,Indeterminado,Indeterminado,Indeterminado,Indeterminado,Indeterminado,Indeterminado,Retilíneo,,,,,,,
Ant 4.4,Barra D’Anta,A4,Superfície,I,Sem transformação,Silexito,Natural,Seixo,Sem alteração,2 a 3 cm,2 a 3 cm,1 a 2 cm,,,,,,,,,,,,,,,
Ant 4.5,Barra D’Anta,A4,Superfície,I,Indeterminado,Quartzito,Lasca,Seixo,Sem alteração,2 a 3 cm,3 a 4 cm,1 a 2 cm,Lasca cortical,Indeterminado,Indeterminado,Indeterminado,Indeterminado,Nenhuma,Sem informação,Curvo,,,,,,,
Ant 4.6,Barra D’Anta,A4,Superfície,I,Lascamento Unipolar,Basalto,Lasca,Inexistente,Queima/Alteração de cor,3 a 4 cm,3 a 4 cm,0 a 1 cm,Indeterminado,Indeterminado,Indeterminado,Indeterminado,Indeterminado,Indeterminado,Indeterminado,Retilíneo,,,,,,,
Ant 4.7,Barra D’Anta,A4,Superfície,I,Lascamento Unipolar,Silexito,Lasca,Seixo,Sem alteração,3 a 4 cm,3 a 4 cm,1 a 2 cm,Lasca cortical,Liso,Sem preparação,Sem formação de lábio,Pronunciado,Nenhuma,Sem informação,Retilíneo,,,,,,,
Ant 4.8,Barra D’Anta,A4,Superfície,I,Sem transformação,Silexito,Natural,Seixo,Sem alteração,2 a 3 cm,1 a 2 cm,0 a 1 cm,,,,,,,,,,,,,,,
Ant 4.9,Barra D’Anta,A4,Superfície,I,Lascamento Unipolar,Silexito,Lasca,Inexistente,Sem alteração,2 a 3 cm,3 a 4 cm,0 a 1 cm,Lasca de formatação,Linear,Sem preparação,Sem formação de lábio,Difuso,4 ou +,Ortogonal,Retilíneo,,,,,,,
Ant 4.10,Barra D’Anta,A4,Superfície,I,Lascamento Unipolar,Silexito,Lasca,Seixo,Sem alteração,2 a 3 cm,2 a 3 cm,0 a 1 cm,Lasca cortical,Liso,Sem preparação,Sem formação de lábio,Difuso,Nenhuma,Sem informação,Retilíneo,,,,,,,
Ant 4.11,Barra D’Anta,A4,Superfície,I,Indeterminado,Silexito,Lasca,Seixo,Sem alteração,1 a 2 cm,2 a 3 cm,0 a 1 cm,Lasca cortical,Indeterminado,Indeterminado,Indeterminado,Indeterminado,Nenhuma,Sem informação,Retilíneo,,,,,,,
Ant 4.12,Barra D’Anta,A4,Superfície,I,Lascamento Unipolar,Silexito,Lasca,Inexistente,Sem alteração,2 a 3 cm,2 a 3 cm,0 a 1 cm,Lasca de debitagem,Liso,Sem preparação,Com formação de lábio,Difuso,3,Ortogonal,Retilíneo,,,,,,,
Ant 4.13,Barra D’Anta,A4,Superfície,I,Sem transformação,Silexito,Natural,Seixo,Sem alteração,2 a 3 cm,2 a 3 cm,0 a 1 cm,,,,,,,,,,,,,,,
Ant 4.14,Barra D’Anta,A4,Superfície,I,Lascamento Unipolar,Silexito,Lasca,Inexistente,Sem alteração,1 a 2 cm,2 a 3 cm,0 a 1 cm,Lasca de formatação,Linear,Sem preparação,Sem formação de lábio,Pronunciado,3,Ortogonal,Retilíneo,,,,,,,
Ant 4.15,Barra D’Anta,A4,Superfície,I,Indeterminado,Indeterminado,Detrito,Inexistente,Sem alteração,5 a 6 cm,3 a 4 cm,2 a 3 cm,,,,,,,,,,,,,,,
Ant 4.16,Barra D’Anta,A4,Superfície,I,Indeterminado,Quartzo leitoso,Detrito,Inexistente,Sem alteração,2 a 3 cm,2 a 3 cm,1 a 2 cm,,,,,,,,,,,,,,,
Ant 4,Barra D’Anta,-,Superfície,-,Lascamento Unipolar,Silexito,Lasca,Seixo,Sem alteração,,,,Lasca de retoque,,,,,,,,,,,,,,
Ant 4,Barra D’Anta,-,Superfície,-,Lascamento Unipolar,Silexito,Lasca,Inexistente,Sem alteração,,,,Lasca de retoque,,,,,,,,,,,,,,
Ant 4,Barra D’Anta,-,Superfície,-,Lascamento Unipolar,Silexito,Lasca,Inexistente,Sem alteração,,,,Lasca de retoque,,,,,,,,,,,,,,
Ant 4,Barra D’Anta,-,Superfície,-,Lascamento Unipolar,Silexito,Lasca,Inexistente,Sem alteração,,,,Lasca de retoque,,,,,,,,,,,,,,
Ant 4,Barra D’Anta,-,Superfície,-,Lascamento Unipolar,Silexito,Lasca,Inexistente,Sem alteração,,,,Lasca de retoque,,,,,,,,,,,,,,
Ant 4,Barra D’Anta,-,Superfície,-,Lascamento Unipolar,Silexito,Lasca,Inexistente,Sem alteração,,,,Lasca de retoque,,,,,,,,,,,,,,
Ant 4,Barra D’Anta,-,Superfície,-,Lascamento Unipolar,Silexito,Lasca,Inexistente,Sem alteração,,,,Lasca de retoque,,,,,,,,,,,,,,
Ant 4,Barra D’Anta,-,Superfície,-,Lascamento Unipolar,Silexito,Lasca,Inexistente,Sem alteração,,,,Lasca de retoque,,,,,,,,,,,,,,
Ant 4,Barra D’Anta,-,Superfície,-,Lascamento Unipolar,Silexito,Lasca,Inexistente,Sem alteração,,,,Lasca de retoque,,,,,,,,,,,,,,
Ant 4,Barra D’Anta,-,Superfície,-,Lascamento Unipolar,Silexito,Lasca,Inexistente,Sem alteração,,,,Lasca de retoque,,,,,,,,,,,,,,
Ant 4,Barra D’Anta,-,Superfície,-,Lascamento Unipolar,Silexito,Lasca,Inexistente,Sem alteração,,,,Lasca de retoque,,,,,,,,,,,,,,
Ant 4,Barra D’Anta,-,Superfície,-,Lascamento Unipolar,Silexito,Lasca,Inexistente,Sem alteração,,,,Lasca de retoque,,,,,,,,,,,,,,
Ant 4,Barra D’Anta,-,Superfície,-,Lascamento Unipolar,Silexito,Lasca,Inexistente,Sem alteração,,,,Lasca de retoque,,,,,,,,,,,,,,
Ant 4,Barra D’Anta,-,Superfície,-,Lascamento Unipolar,Silexito,Lasca,Inexistente,Sem alteração,,,,Lasca de retoque,,,,,,,,,,,,,,
Ant 4,Barra D’Anta,-,Superfície,-,Lascamento Unipolar,Silexito,Lasca,Inexistente,Sem alteração,,,,Lasca de retoque,,,,,,,,,,,,,,
Ant 4,Barra D’Anta,-,Superfície,-,Lascamento Unipolar,Silexito,Lasca,Inexistente,Sem alteração,,,,Lasca de retoque,,,,,,,,,,,,,,
Ant 4,Barra D’Anta,-,Superfície,-,Lascamento Unipolar,Silexito,Lasca,Inexistente,Sem alteração,,,,Lasca de retoque,,,,,,,,,,,,,,
Ant 4,Barra D’Anta,-,Superfície,-,Lascamento Unipolar,Silexito,Lasca,Inexistente,Sem alteração,,,,Lasca de retoque,,,,,,,,,,,,,,
Ant 4,Barra D’Anta,-,Superfície,-,Lascamento Unipolar,Silexito,Lasca,Inexistente,Sem alteração,,,,Lasca de retoque,,,,,,,,,,,,,,
Ant 4,Barra D’Anta,-,Superfície,-,Lascamento Unipolar,Silexito,Lasca,Inexistente,Sem alteração,,,,Lasca de retoque,,,,,,,,,,,,,,
Ant 4,Barra D’Anta,-,Superfície,-,Lascamento Unipolar,Silexito,Lasca,Inexistente,Sem alteração,,,,Lasca de retoque,,,,,,,,,,,,,,
Ant 4,Barra D’Anta,-,Superfície,-,Lascamento Unipolar,Silexito,Lasca,Inexistente,Sem alteração,,,,Lasca de retoque,,,,,,,,,,,,,,
Ant 4,Barra D’Anta,-,Superfície,-,Lascamento Unipolar,Silexito,Lasca,Inexistente,Sem alteração,,,,Lasca de retoque,,,,,,,,,,,,,,
Ant 4,Barra D’Anta,-,Superfície,-,Lascamento Unipolar,Silexito,Lasca,Inexistente,Sem alteração,,,,Lasca de retoque,,,,,,,,,,,,,,
Ant 4,Barra D’Anta,-,Superfície,-,Lascamento Unipolar,Silexito,Lasca,Inexistente,Sem alteração,,,,Lasca de retoque,,,,,,,,,,,,,,
Ant 4,Barra D’Anta,-,Superfície,-,Sem transformação,Silexito,Natural,Seixo,Sem alteração,,,,,,,,,,,,,,,,,,
Ant 4,Barra D’Anta,-,Superfície,-,Sem transformação,Silexito,Natural,Seixo,Sem alteração,,,,,,,,,,,,,,,,,,
Ant 4,Barra D’Anta,-,Superfície,-,Sem transformação,Silexito,Natural,Seixo,Sem alteração,,,,,,,,,,,,,,,,,,
Ant 4,Barra D’Anta,-,Superfície,-,Sem transformação,Silexito,Natural,Seixo,Sem alteração,,,,,,,,,,,,,,,,,,
Ant 4,Barra D’Anta,-,Superfície,-,Sem transformação,Silexito,Natural,Seixo,Sem alteração,,,,,,,,,,,,,,,,,,
Ant 4,Barra D’Anta,-,Superfície,-,Sem transformação,Silexito,Natural,Seixo,Sem alteração,,,,,,,,,,,,,,,,,,
Ant 4,Barra D’Anta,-,Superfície,-,Indeterminado,Silexito,Detrito,Inexistente,Sem alteração,,,,,,,,,,,,,,,,,,
Ant 4,Barra D’Anta,-,Superfície,-,Indeterminado,Silexito,Detrito,Inexistente,Sem alteração,,,,,,,,,,,,,,,,,,
Ant 4,Barra D’Anta,-,Superfície,-,Indeterminado,Silexito,Detrito,Inexistente,Sem alteração,,,,,,,,,,,,,,,,,,
Ant 4,Barra D’Anta,-,Superfície,-,Indeterminado,Silexito,Detrito,Inexistente,Sem alteração,,,,,,,,,,,,,,,,,,
Ant 4,Barra D’Anta,-,Superfície,-,Indeterminado,Silexito,Detrito,Inexistente,Sem alteração,,,,,,,,,,,,,,,,,,
Ant 4,Barra D’Anta,-,Superfície,-,Indeterminado,Silexito,Detrito,Inexistente,Sem alteração,,,,,,,,,,,,,,,,,,
Ant 4,Barra D’Anta,-,Superfície,-,Indeterminado,Quartzo leitoso,Detrito,Inexistente,Sem alteração,,,,,,,,,,,,,,,,,,
Ant 4,Barra D’Anta,-,Superfície,-,Indeterminado,Quartzo leitoso,Detrito,Inexistente,Sem alteração,,,,,,,,,,,,,,,,,,
Ant 4,Barra D’Anta,-,Superfície,-,Indeterminado,Basalto,Detrito,Inexistente,Sem alteração,,,,,,,,,,,,,,,,,,
Ant 4,Barra D’Anta,-,Superfície,-,Indeterminado,Basalto,Detrito,Inexistente,Sem alteração,,,,,,,,,,,,,,,,,,
Ant 4,Barra D’Anta,-,Superfície,-,Indeterminado,Basalto,Detrito,Inexistente,Sem alteração,,,,,,,,,,,,,,,,,,
Ant 4,Barra D’Anta,-,Superfície,-,Lascamento Unipolar,Quartzo leitoso,Lasca,Inexistente,Sem alteração,,,,Lasca de retoque,,,,,,,,,,,,,,
Ant 4,Barra D’Anta,-,Superfície,-,Lascamento Unipolar,Quartzo leitoso,Lasca,Inexistente,Sem alteração,,,,Lasca de retoque,,,,,,,,,,,,,,
Ant 4,Barra D’Anta,-,Superfície,-,Lascamento Unipolar,Quartzo leitoso,Lasca,Inexistente,Sem alteração,,,,Lasca de retoque,,,,,,,,,,,,,,
Ant 4,Barra D’Anta,-,Superfície,-,Lascamento Unipolar,Quartzo leitoso,Lasca,Inexistente,Sem alteração,,,,Lasca de retoque,,,,,,,,,,,,,,
Ant 4,Barra D’Anta,-,Superfície,-,Lascamento Unipolar,Quartzito,Lasca,Inexistente,Sem alteração,,,,Lasca de retoque,,,,,,,,,,,,,,
Ant 4,Barra D’Anta,-,Superfície,-,Indeterminado,Indeterminado,Detrito,Indeterminado,Sem alteração,,,,,,,,,,,,,,,,,,
Ant 4,Barra D’Anta,-,Superfície,-,Indeterminado,Indeterminado,Detrito,Indeterminado,Sem alteração,,,,,,,,,,,,,,,,,,
Ant 4,Barra D’Anta,-,Superfície,-,Indeterminado,Indeterminado,Detrito,Indeterminado,Sem alteração,,,,,,,,,,,,,,,,,,
Ant 5.1,Barra D’Anta,B1,Superfície,I,Indeterminado,Quartzo leitoso,Detrito,Inexistente,Sem alteração,3 a 4 cm,3 a 4 cm,1 a 2 cm,,,,,,,,,,,,,,,
Ant 5.2,Barra D’Anta,B1,Superfície,I,Sem transformação,Quartzito,Natural,Seixo,Sem alteração,3 a 4 cm,2 a 3 cm,2 a 3 cm,,,,,,,,,,,,,,,
Ant 5.3,Barra D’Anta,B1,Superfície,I,Lascamento Unipolar,Silexito,Lasca,Seixo,Sem alteração,2 a 3 cm,3 a 4 cm,1 a 2 cm,Lasca cortical,Cortical,Sem preparação,Sem formação de lábio,Difuso,2,Ortogonal,Retilíneo,,,,,,,
Ant 5.4,Barra D’Anta,B1,Superfície,I,Lascamento Unipolar,Silexito,Lâmina,Seixo,Sem alteração,3 a 4 cm,1 a 2 cm,0 a 1 cm,Lasca de debitagem,Liso,Com preparação,Sem formação de lábio,Pronunciado,2,Paralela,Helicoidal,,,,,,,
Ant 5.5,Barra D’Anta,B1,Superfície,I,Lascamento Unipolar,Silexito,Lasca,Seixo,Sem alteração,3 a 4 cm,1 a 2 cm,0 a 1 cm,Lasca de debitagem,Diedro,Sem preparação,Sem formação de lábio,Pronunciado,4 ou +,Ortogonal,Helicoidal,,,,,,,
Ant 5.6,Barra D’Anta,B1,Superfície,I,Lascamento Unipolar,Silexito,Lasca,Seixo,Sem alteração,2 a 3 cm,2 a 3 cm,0 a 1 cm,Lasca cortical,Cortical,Sem preparação,Sem formação de lábio,Pronunciado,Nenhuma,Sem informação,Retilíneo,,,,,,,
Ant 5.7,Barra D’Anta,B1,Superfície,I,Lascamento Unipolar,Silexito,Lasca,Inexistente,Sem alteração,2 a 3 cm,2 a 3 cm,0 a 1 cm,Lasca de formatação,Linear,Sem preparação,Sem formação de lábio,Difuso,3,Ortogonal,Retilíneo,,,,,,,
Ant 5.8,Barra D’Anta,B1,Superfície,I,Lascamento Unipolar,Silexito,Lasca,Seixo,Sem alteração,2 a 3 cm,2 a 3 cm,0 a 1 cm,Lasca de debitagem,Indeterminado,Indeterminado,Indeterminado,Indeterminado,2,Ortogonal,Retilíneo,,,,,,,
Ant 5.9,Barra D’Anta,B1,Superfície,I,Lascamento Unipolar,Silexito,Lasca,Inexistente,Sem alteração,1 a 2 cm,2 a 3 cm,0 a 1 cm,Indeterminado,Indeterminado,Indeterminado,Indeterminado,Indeterminado,2,Ortogonal,Retilíneo,,,,,,,
Ant 5.10,Barra D’Anta,B1,Superfície,I,Sem transformação,Silexito,Natural,Seixo,Sem alteração,2 a 3 cm,2 a 3 cm,1 a 2 cm,,,,,,,,,,,,,,,
Ant 5.11,Barra D’Anta,B1,Superfície,I,Sem transformação,Basalto,Natural,Indeterminado,Queima/Alteração de cor,11 a 12 cm,11 a 12 cm,4 a 5 cm,,,,,,,,,,,,,,,
Ant 5,Barra D’Anta,-,Superfície,-,Lascamento Unipolar,Silexito,Lasca,Seixo,Sem alteração,,,,Lasca de retoque,,,,,,,,,,,,,,
Ant 5,Barra D’Anta,-,Superfície,-,Lascamento Unipolar,Silexito,Lasca,Seixo,Sem alteração,,,,Lasca de retoque,,,,,,,,,,,,,,
Ant 5,Barra D’Anta,-,Superfície,-,Lascamento Unipolar,Silexito,Lasca,Seixo,Sem alteração,,,,Lasca de retoque,,,,,,,,,,,,,,
Ant 5,Barra D’Anta,-,Superfície,-,Lascamento Unipolar,Silexito,Lasca,Indeterminado,Sem alteração,,,,Lasca de retoque,,,,,,,,,,,,,,
Ant 5,Barra D’Anta,-,Superfície,-,Lascamento Unipolar,Silexito,Lasca,Indeterminado,Sem alteração,,,,Lasca de retoque,,,,,,,,,,,,,,
Ant 5,Barra D’Anta,-,Superfície,-,Lascamento Unipolar,Silexito,Lasca,Indeterminado,Sem alteração,,,,Lasca de retoque,,,,,,,,,,,,,,
Ant 5,Barra D’Anta,-,Superfície,-,Lascamento Unipolar,Silexito,Lasca,Indeterminado,Sem alteração,,,,Lasca de retoque,,,,,,,,,,,,,,
Ant 5,Barra D’Anta,-,Superfície,-,Lascamento Unipolar,Silexito,Lasca,Indeterminado,Sem alteração,,,,Lasca de retoque,,,,,,,,,,,,,,
Ant 5,Barra D’Anta,-,Superfície,-,Lascamento Unipolar,Silexito,Lasca,Indeterminado,Sem alteração,,,,Lasca de retoque,,,,,,,,,,,,,,
Ant 5,Barra D’Anta,-,Superfície,-,Lascamento Unipolar,Silexito,Lasca,Indeterminado,Sem alteração,,,,Lasca de retoque,,,,,,,,,,,,,,
Ant 5,Barra D’Anta,-,Superfície,-,Lascamento Unipolar,Silexito,Lasca,Indeterminado,Sem alteração,,,,Lasca de retoque,,,,,,,,,,,,,,
Ant 5,Barra D’Anta,-,Superfície,-,Lascamento Unipolar,Silexito,Lasca,Indeterminado,Sem alteração,,,,Lasca de retoque,,,,,,,,,,,,,,
Ant 5,Barra D’Anta,-,Superfície,-,Lascamento Unipolar,Silexito,Lasca,Indeterminado,Sem alteração,,,,Lasca de retoque,,,,,,,,,,,,,,
Ant 5,Barra D’Anta,-,Superfície,-,Lascamento Unipolar,Silexito,Lasca,Indeterminado,Sem alteração,,,,Lasca de retoque,,,,,,,,,,,,,,
Ant 5,Barra D’Anta,-,Superfície,-,Lascamento Unipolar,Silexito,Lasca,Indeterminado,Sem alteração,,,,Lasca de retoque,,,,,,,,,,,,,,
Ant 5,Barra D’Anta,-,Superfície,-,Lascamento Unipolar,Silexito,Lasca,Indeterminado,Sem alteração,,,,Lasca de retoque,,,,,,,,,,,,,,
Ant 5,Barra D’Anta,-,Superfície,-,Lascamento Unipolar,Silexito,Lasca,Indeterminado,Sem alteração,,,,Lasca de retoque,,,,,,,,,,,,,,
Ant 5,Barra D’Anta,-,Superfície,-,Lascamento Unipolar,Silexito,Lasca,Indeterminado,Sem alteração,,,,Lasca de retoque,,,,,,,,,,,,,,
Ant 5,Barra D’Anta,-,Superfície,-,Lascamento Unipolar,Silexito,Lasca,Indeterminado,Sem alteração,,,,Lasca de retoque,,,,,,,,,,,,,,
Ant 5,Barra D’Anta,-,Superfície,-,Lascamento Unipolar,Silexito,Lasca,Indeterminado,Sem alteração,,,,Lasca de retoque,,,,,,,,,,,,,,
Ant 5,Barra D’Anta,-,Superfície,-,Lascamento Unipolar,Silexito,Lasca,Indeterminado,Sem alteração,,,,Lasca de retoque,,,,,,,,,,,,,,
Ant 5,Barra D’Anta,-,Superfície,-,Indeterminado,Silexito,Detrito,Seixo,Sem alteração,,,,,,,,,,,,,,,,,,
Ant 5,Barra D’Anta,-,Superfície,-,Indeterminado,Silexito,Detrito,Seixo,Sem alteração,,,,,,,,,,,,,,,,,,
Ant 5,Barra D’Anta,-,Superfície,-,Indeterminado,Silexito,Detrito,Inexistente,Sem alteração,,,,,,,,,,,,,,,,,,
Ant 5,Barra D’Anta,-,Superfície,-,Indeterminado,Silexito,Detrito,Inexistente,Sem alteração,,,,,,,,,,,,,,,,,,
Ant 5,Barra D’Anta,-,Superfície,-,Indeterminado,Silexito,Detrito,Inexistente,Sem alteração,,,,,,,,,,,,,,,,,,
Ant 5,Barra D’Anta,-,Superfície,-,Lascamento Unipolar,Quartzo leitoso,Lasca,Inexistente,Sem alteração,,,,Lasca de retoque,,,,,,,,,,,,,,
Ant 5,Barra D’Anta,-,Superfície,-,Indeterminado,Quartzo leitoso,Detrito,Inexistente,Sem alteração,,,,,,,,,,,,,,,,,,
Ant 5,Barra D’Anta,-,Superfície,-,Indeterminado,Quartzo leitoso,Detrito,Inexistente,Sem alteração,,,,,,,,,,,,,,,,,,
Ant 5,Barra D’Anta,-,Superfície,-,Indeterminado,Indeterminado,Detrito,Indeterminado,Sem alteração,,,,,,,,,,,,,,,,,,
Ant 5,Barra D’Anta,-,Superfície,-,Indeterminado,Indeterminado,Detrito,Indeterminado,Sem alteração,,,,,,,,,,,,,,,,,,
Ant 5,Barra D’Anta,-,Superfície,-,Sem transformação,Indeterminado,Natural,Indeterminado,Sem alteração,,,,,,,,,,,,,,,,,,
Ant 6.1,Barra D’Anta,B2,Superfície,I,Sem transformação,Quartzito,Natural,Seixo,Sem alteração,6 a 7 cm,5 a 6 cm,3 a 4 cm,,,,,,,,,,,,,,,
Ant 6.2,Barra D’Anta,B2,Superfície,I,Indeterminado,Basalto,Detrito,Indeterminado,Sem alteração,4 a 5 cm,3 a 4 cm,3 a 4 cm,,,,,,,,,,,,,,,
Ant 6.3,Barra D’Anta,B2,Superfície,I,Lascamento Unipolar,Silexito,Lasca,Inexistente,Sem alteração,3 a 4 cm,3 a 4 cm,0 a 1 cm,Lasca de debitagem,Diedro,Indeterminado,Com formação de lábio,Pronunciado,4 ou +,Ortogonal,Helicoidal,,,,,,,
Ant 6.4,Barra D’Anta,B2,Superfície,I,Sem transformação,Quartzito,Natural,Seixo,Sem alteração,3 a 4 cm,2 a 3 cm,1 a 2 cm,,,,,,,,,,,,,,,
Ant 6.5,Barra D’Anta,B2,Superfície,I,Lascamento Unipolar,Silexito,Lasca,Seixo,Sem alteração,3 a 4 cm,2 a 3 cm,1 a 2 cm,Lasca de debitagem,Indeterminado,Indeterminado,Indeterminado,Indeterminado,4 ou +,Ortogonal,Helicoidal,,,,,,,
Ant 6.6,Barra D’Anta,B2,Superfície,I,Lascamento Unipolar,Basalto,Lasca,Indeterminado,Queima/Alteração de cor,3 a 4 cm,3 a 4 cm,0 a 1 cm,Indeterminado,Liso,Sem preparação,Sem formação de lábio,Difuso,Indeterminado,Indeterminado,Retilíneo,,,,,,,
Ant 6.7,Barra D’Anta,B2,Superfície,I,Lascamento Unipolar,Silexito,Lasca,Seixo,Sem alteração,3 a 4 cm,2 a 3 cm,1 a 2 cm,Lasca de debitagem,Indeterminado,Indeterminado,Indeterminado,Indeterminado,2,Ortogonal,Helicoidal,,,,,,,
Ant 6.8,Barra D’Anta,B2,Superfície,I,Indeterminado,Silexito,Detrito,Seixo,Sem alteração,2 a 3 cm,1 a 2 cm,1 a 2 cm,,,,,,,,,,,,,,,
Ant 6.9,Barra D’Anta,B2,Superfície,I,Indeterminado,Silexito,Detrito,Seixo,Sem alteração,2 a 3 cm,2 a 3 cm,2 a 3 cm,,,,,,,,,,,,,,,
Ant 6.10,Barra D’Anta,B2,Superfície,I,Lascamento Unipolar,Silexito,Lasca,Inexistente,Sem alteração,1 a 2 cm,2 a 3 cm,0 a 1 cm,Indeterminado,Indeterminado,Indeterminado,Indeterminado,Indeterminado,2,Ortogonal,Retilíneo,,,,,,,
Ant 6.11,Barra D’Anta,B2,Superfície,I,Lascamento Unipolar,Silexito,Lasca,Inexistente,Sem alteração,1 a 2 cm,2 a 3 cm,0 a 1 cm,Lasca de debitagem,Liso,Sem preparação,Sem formação de lábio,Pronunciado,4 ou +,Ortogonal,Retilíneo,,,,,,,
Ant 6.12,Barra D’Anta,B2,Superfície,I,Sem transformação,Silexito,Natural,Seixo,Pátina,2 a 3 cm,2 a 3 cm,1 a 2 cm,,,,,,,,,,,,,,,
Ant 6.13,Barra D’Anta,B2,Superfície,I,Indeterminado,Silexito,Lasca,Inexistente,Sem alteração,1 a 2 cm,2 a 3 cm,0 a 1 cm,Indeterminado,Indeterminado,Indeterminado,Indeterminado,Indeterminado,2,Ortogonal,Retilíneo,,,,,,,
Ant 6.14,Barra D’Anta,B2,Superfície,I,Lascamento Unipolar,Quartzo leitoso,Lasca,Inexistente,Sem alteração,3 a 4 cm,2 a 3 cm,0 a 1 cm,Lasca de debitagem,Liso,Sem preparação,Sem formação de lábio,Pronunciado,3,Ortogonal,Retilíneo,,,,,,,
Ant 6.15,Barra D’Anta,B2,Superfície,I,Lascamento Unipolar,Quartzo leitoso,Lasca,Seixo,Sem alteração,1 a 2 cm,2 a 3 cm,0 a 1 cm,Lasca de debitagem,Cortical,Sem preparação,Sem formação de lábio,Indeterminado,1,Uma cicatriz apenas,Retilíneo,,,,,,,
Ant 6,Barra D’Anta,-,Superfície,-,Lascamento Unipolar,Silexito,Lasca,Seixo,Sem alteração,,,,Lasca de retoque,,,,,,,,,,,,,,
Ant 6,Barra D’Anta,-,Superfície,-,Lascamento Unipolar,Silexito,Lasca,Seixo,Sem alteração,,,,Lasca de retoque,,,,,,,,,,,,,,
Ant 6,Barra D’Anta,-,Superfície,-,Lascamento Unipolar,Silexito,Lasca,Inexistente,Sem alteração,,,,Lasca de retoque,,,,,,,,,,,,,,
Ant 6,Barra D’Anta,-,Superfície,-,Lascamento Unipolar,Silexito,Lasca,Inexistente,Sem alteração,,,,Lasca de retoque,,,,,,,,,,,,,,
Ant 6,Barra D’Anta,-,Superfície,-,Lascamento Unipolar,Silexito,Lasca,Inexistente,Sem alteração,,,,Lasca de retoque,,,,,,,,,,,,,,
Ant 6,Barra D’Anta,-,Superfície,-,Lascamento Unipolar,Silexito,Lasca,Inexistente,Sem alteração,,,,Lasca de retoque,,,,,,,,,,,,,,
Ant 6,Barra D’Anta,-,Superfície,-,Lascamento Unipolar,Silexito,Lasca,Inexistente,Sem alteração,,,,Lasca de retoque,,,,,,,,,,,,,,
Ant 6,Barra D’Anta,-,Superfície,-,Lascamento Unipolar,Silexito,Lasca,Inexistente,Sem alteração,,,,Lasca de retoque,,,,,,,,,,,,,,
Ant 6,Barra D’Anta,-,Superfície,-,Lascamento Unipolar,Silexito,Lasca,Inexistente,Sem alteração,,,,Lasca de retoque,,,,,,,,,,,,,,
Ant 6,Barra D’Anta,-,Superfície,-,Lascamento Unipolar,Silexito,Lasca,Inexistente,Sem alteração,,,,Lasca de retoque,,,,,,,,,,,,,,
Ant 6,Barra D’Anta,-,Superfície,-,Lascamento Unipolar,Silexito,Lasca,Inexistente,Sem alteração,,,,Lasca de retoque,,,,,,,,,,,,,,
Ant 6,Barra D’Anta,-,Superfície,-,Lascamento Unipolar,Quartzo leitoso,Lasca,Inexistente,Sem alteração,,,,Lasca de retoque,,,,,,,,,,,,,,
Ant 6,Barra D’Anta,-,Superfície,-,Lascamento Unipolar,Quartzo leitoso,Lasca,Inexistente,Sem alteração,,,,Lasca de retoque,,,,,,,,,,,,,,
Ant 6,Barra D’Anta,-,Superfície,-,Lascamento Unipolar,Quartzo leitoso,Lasca,Inexistente,Sem alteração,,,,Lasca de retoque,,,,,,,,,,,,,,
Ant 6,Barra D’Anta,-,Superfície,-,Lascamento Unipolar,Quartzo leitoso,Lasca,Inexistente,Sem alteração,,,,Lasca de retoque,,,,,,,,,,,,,,
Ant 6,Barra D’Anta,-,Superfície,-,Indeterminado,Silexito,Detrito,Seixo,Sem alteração,,,,,,,,,,,,,,,,,,
Ant 6,Barra D’Anta,-,Superfície,-,Indeterminado,Silexito,Detrito,Inexistente,Sem alteração,,,,,,,,,,,,,,,,,,
Ant 6,Barra D’Anta,-,Superfície,-,Indeterminado,Silexito,Detrito,Inexistente,Sem alteração,,,,,,,,,,,,,,,,,,
Ant 6,Barra D’Anta,-,Superfície,-,Indeterminado,Silexito,Detrito,Inexistente,Sem alteração,,,,,,,,,,,,,,,,,,
Ant 6,Barra D’Anta,-,Superfície,-,Indeterminado,Quartzo leitoso,Detrito,Inexistente,Sem alteração,,,,,,,,,,,,,,,,,,
Ant 6,Barra D’Anta,-,Superfície,-,Sem transformação,Indeterminado,Natural,Indeterminado,Sem alteração,,,,,,,,,,,,,,,,,,
Ant 6,Barra D’Anta,-,Superfície,-,Sem transformação,Indeterminado,Natural,Indeterminado,Sem alteração,,,,,,,,,,,,,,,,,,
Ant 6,Barra D’Anta,-,Superfície,-,Sem transformação,Indeterminado,Natural,Seixo,Queima/Alteração de cor,,,,,,,,,,,,,,,,,,
Ant 7.1,Barra D’Anta,B3,Superfície,I,Lascamento Unipolar,Indeterminado,Núcleo,Seixo,Sem alteração,5 a 6 cm,5 a 6 cm,3 a 4 cm,,,,,,,,,Núcleo unipolar com planos de percussão em diferentes posições,Cortical,Sem preparação,,,,
Ant 7.2,Barra D’Anta,B3,Superfície,I,Lascamento Unipolar,Silexito,Lasca,Seixo,Sem alteração,2 a 3 cm,2 a 3 cm,1 a 2 cm,Lasca cortical,Liso,Sem preparação,Com formação de lábio,Pronunciado,1,Uma cicatriz apenas,Helicoidal,,,,,,,
Ant 7.3,Barra D’Anta,B3,Superfície,I,Indeterminado,Basalto,Detrito,Indeterminado,Queima/Alteração de cor,4 a 5 cm,3 a 4 cm,2 a 3 cm,,,,,,,,,,,,,,,
Ant 7.4,Barra D’Anta,B3,Superfície,I,Indeterminado,Silexito,Detrito,Seixo,Sem alteração,3 a 4 cm,2 a 3 cm,1 a 2 cm,,,,,,,,,,,,,,,
Ant 7.5,Barra D’Anta,B3,Superfície,I,Indeterminado,Basalto,Detrito,Indeterminado,Sem alteração,2 a 3 cm,2 a 3 cm,2 a 3 cm,,,,,,,,,,,,,,,
Ant 7.6,Barra D’Anta,B3,Superfície,I,Lascamento bipolar,Silexito,Lasca,Seixo,Sem alteração,2 a 3 cm,2 a 3 cm,1 a 2 cm,Lasca cortical,Indeterminado,Indeterminado,Indeterminado,Indeterminado,Nenhuma,Sem informação,Retilíneo,,,,,,,
Ant 7.7,Barra D’Anta,B3,Superfície,I,Lascamento Unipolar,Silexito,Lasca,Inexistente,Sem alteração,3 a 4 cm,2 a 3 cm,0 a 1 cm,Lasca de debitagem,Linear,Sem preparação,Sem formação de lábio,Pronunciado,3,Ortogonal,Helicoidal,,,,,,,
Ant 7.8,Barra D’Anta,B3,Superfície,I,Lascamento Unipolar,Silexito,Lasca,Inexistente,Sem alteração,2 a 3 cm,2 a 3 cm,0 a 1 cm,Lasca de debitagem,Liso,Com preparação,Sem formação de lábio,Pronunciado,3,Ortogonal,Retilíneo,,,,,,,
Ant 7.9,Barra D’Anta,B3,Superfície,I,Sem transformação,Indeterminado,Natural,Seixo,Sem alteração,2 a 3 cm,2 a 3 cm,0 a 1 cm,,,,,,,,,,,,,,,
Ant 7.10,Barra D’Anta,B3,Superfície,I,Lascamento Unipolar,Silexito,Lasca,Seixo,Sem alteração,2 a 3 cm,2 a 3 cm,0 a 1 cm,Lasca cortical,Indeterminado,Indeterminado,Indeterminado,Indeterminado,2,Ortogonal,Retilíneo,,,,,,,
Ant 7.11,Barra D’Anta,B3,Superfície,I,Lascamento Unipolar,Basalto,Lasca,Inexistente,Sem alteração,9 a 10 cm,7 a 8 cm,2 a 3 cm,Lasca de debitagem,Liso,Sem preparação,Sem formação de lábio,Pronunciado,3,Ortogonal,Retilíneo,,,,,,,
Ant 7.12,Barra D’Anta,B3,Superfície,I,Indeterminado,Quartzito,Detrito,Inexistente,Sem alteração,4 a 5 cm,4 a 5 cm,3 a 4 cm,,,,,,,,,,,,,,,
Ant 7.13,Barra D’Anta,B3,Superfície,I,Lascamento Unipolar,Quartzito,Lasca,Inexistente,Sem alteração,4 a 5 cm,4 a 5 cm,1 a 2 cm,Lasca de debitagem,Liso,Sem preparação,Sem formação de lábio,Pronunciado,4 ou +,Ortogonal,Retilíneo,,,,,,,
Ant 7,Barra D’Anta,-,Superfície,-,Lascamento Unipolar,Silexito,Lasca,Seixo,Sem alteração,,,,Lasca de retoque,,,,,,,,,,,,,,
Ant 7,Barra D’Anta,-,Superfície,-,Lascamento Unipolar,Silexito,Lasca,Inexistente,Sem alteração,,,,Lasca de retoque,,,,,,,,,,,,,,
Ant 7,Barra D’Anta,-,Superfície,-,Lascamento Unipolar,Silexito,Lasca,Inexistente,Sem alteração,,,,Lasca de retoque,,,,,,,,,,,,,,
Ant 7,Barra D’Anta,-,Superfície,-,Lascamento Unipolar,Silexito,Lasca,Inexistente,Sem alteração,,,,Lasca de retoque,,,,,,,,,,,,,,
Ant 7,Barra D’Anta,-,Superfície,-,Lascamento Unipolar,Silexito,Lasca,Inexistente,Sem alteração,,,,Lasca de retoque,,,,,,,,,,,,,,
Ant 7,Barra D’Anta,-,Superfície,-,Lascamento Unipolar,Quartzo leitoso,Lasca,Inexistente,Sem alteração,,,,Lasca de retoque,,,,,,,,,,,,,,
Ant 7,Barra D’Anta,-,Superfície,-,Lascamento Unipolar,Quartzo leitoso,Lasca,Inexistente,Sem alteração,,,,Lasca de retoque,,,,,,,,,,,,,,
Ant 7,Barra D’Anta,-,Superfície,-,Lascamento Unipolar,Quartzo leitoso,Lasca,Inexistente,Sem alteração,,,,Lasca de retoque,,,,,,,,,,,,,,
Ant 7,Barra D’Anta,-,Superfície,-,Indeterminado,Silexito,Detrito,Seixo,Sem alteração,,,,,,,,,,,,,,,,,,
Ant 7,Barra D’Anta,-,Superfície,-,Indeterminado,Silexito,Detrito,Inexistente,Sem alteração,,,,,,,,,,,,,,,,,,
Ant 7,Barra D’Anta,-,Superfície,-,Indeterminado,Silexito,Detrito,Inexistente,Sem alteração,,,,,,,,,,,,,,,,,,
Ant 7,Barra D’Anta,-,Superfície,-,Indeterminado,Quartzo leitoso,Detrito,Inexistente,Sem alteração,,,,,,,,,,,,,,,,,,
Ant 7,Barra D’Anta,-,Superfície,-,Indeterminado,Quartzo leitoso,Detrito,Inexistente,Sem alteração,,,,,,,,,,,,,,,,,,
Ant 7,Barra D’Anta,-,Superfície,-,Indeterminado,Quartzo leitoso,Detrito,Inexistente,Sem alteração,,,,,,,,,,,,,,,,,,
Ant 7,Barra D’Anta,-,Superfície,-,Sem transformação,Silexito,Natural,Seixo,Pátina,,,,,,,,,,,,,,,,,,
Ant 7,Barra D’Anta,-,Superfície,-,Sem transformação,Silexito,Natural,Seixo,Pátina,,,,,,,,,,,,,,,,,,
Ant 7,Barra D’Anta,-,Superfície,-,Sem transformação,Silexito,Natural,Seixo,Pátina,,,,,,,,,,,,,,,,,,
Ant 7,Barra D’Anta,-,Superfície,-,Sem transformação,Silexito,Natural,Seixo,Sem alteração,,,,,,,,,,,,,,,,,,
Ant 7,Barra D’Anta,-,Superfície,-,Sem transformação,Silexito,Natural,Seixo,Sem alteração,,,,,,,,,,,,,,,,,,
Ant 7,Barra D’Anta,-,Superfície,-,Indeterminado,Indeterminado,Detrito,Indeterminado,Sem alteração,,,,,,,,,,,,,,,,,,
Ant 7,Barra D’Anta,-,Superfície,-,Indeterminado,Indeterminado,Detrito,Indeterminado,Sem alteração,,,,,,,,,,,,,,,,,,
Ant 7,Barra D’Anta,-,Superfície,-,Indeterminado,Indeterminado,Detrito,Indeterminado,Sem alteração,,,,,,,,,,,,,,,,,,
Ant 7,Barra D’Anta,-,Superfície,-,Indeterminado,Indeterminado,Detrito,Indeterminado,Sem alteração,,,,,,,,,,,,,,,,,,
Ant 7,Barra D’Anta,-,Superfície,-,Indeterminado,Indeterminado,Detrito,Indeterminado,Sem alteração,,,,,,,,,,,,,,,,,,
Ant 7,Barra D’Anta,-,Superfície,-,Indeterminado,Indeterminado,Detrito,Indeterminado,Sem alteração,,,,,,,,,,,,,,,,,,
Ant 8.1,Barra D’Anta,B4,Superfície,I,Lascamento bipolar,Silexito,Lasca,Seixo,Sem alteração,6 a 7 cm,4 a 5 cm,2 a 3 cm,Lasca cortical,Indeterminado,Indeterminado,Indeterminado,Indeterminado,Nenhuma,Sem informação,Retilíneo,,,,,,,
Ant 8.2,Barra D’Anta,B4,Superfície,I,Sem transformação,Indeterminado,Natural,Seixo,Sem alteração,6 a 7 cm,5 a 6 cm,3 a 4 cm,,,,,,,,,,,,,,,
Ant 8.3,Barra D’Anta,B4,Superfície,I,Lascamento Unipolar,Silexito,Lasca,Seixo,Sem alteração,2 a 3 cm,2 a 3 cm,0 a 1 cm,Lasca cortical,Liso,Sem preparação,Sem formação de lábio,Difuso,Nenhuma,Sem informação,Retilíneo,,,,,,,
Ant 8.4,Barra D’Anta,B4,Superfície,I,Lascamento Unipolar,Silexito,Lasca,Inexistente,Indeterminado,3 a 4 cm,3 a 4 cm,1 a 2 cm,Lasca de debitagem,Indeterminado,Sem preparação,Sem formação de lábio,Pronunciado,4 ou +,Ortogonal,Retilíneo,,,,,,,
Ant 8.5,Barra D’Anta,B4,Superfície,I,Lascamento Unipolar,Silexito,Lasca,Seixo,Sem alteração,3 a 4 cm,2 a 3 cm,1 a 2 cm,Lasca cortical,Liso,Sem preparação,Sem formação de lábio,Pronunciado,2,Ortogonal,Retilíneo,,,,,,,
Ant 8.6,Barra D’Anta,B4,Superfície,I,Lascamento Unipolar,Basalto,Lasca,Indeterminado,Queima/Alteração de cor,3 a 4 cm,4 a 5 cm,1 a 2 cm,Lasca de debitagem,Liso,Sem preparação,Sem formação de lábio,Pronunciado,2,Ortogonal,Retilíneo,,,,,,,
Ant 8.7,Barra D’Anta,B4,Superfície,I,Sem transformação,Silexito,Natural,Seixo,Sem alteração,3 a 4 cm,2 a 3 cm,1 a 2 cm,,,,,,,,,,,,,,,
Ant 8.8,Barra D’Anta,B4,Superfície,I,Lascamento Unipolar,Silexito,Lasca,Inexistente,Sem alteração,2 a 3 cm,1 a 2 cm,0 a 1 cm,Lasca de debitagem,Indeterminado,Indeterminado,Indeterminado,Indeterminado,3,Ortogonal,Retilíneo,,,,,,,
Ant 8.9,Barra D’Anta,B4,Superfície,I,Sem transformação,Indeterminado,Natural,Seixo,Sem alteração,3 a 4 cm,2 a 3 cm,2 a 3 cm,,,,,,,,,,,,,,,
Ant 8.10,Barra D’Anta,B4,Superfície,I,Sem transformação,Indeterminado,Natural,Seixo,Pátina,2 a 3 cm,2 a 3 cm,1 a 2 cm,,,,,,,,,,,,,,,
Ant 8.11,Barra D’Anta,B4,Superfície,I,Lascamento Unipolar,Silexito,Lasca,Inexistente,Sem alteração,2 a 3 cm,2 a 3 cm,1 a 2 cm,Lasca de debitagem,Indeterminado,Indeterminado,Indeterminado,Indeterminado,4 ou +,Ortogonal,Retilíneo,,,,,,,
Ant 8.12,Barra D’Anta,B4,Superfície,I,Sem transformação,Basalto,Natural,Seixo,Sem alteração,9 a 10 cm,10 a 11 cm,4 a 5 cm,,,,,,,,,,,,,,,
Ant 8,Barra D’Anta,-,Superfície,-,Lascamento Unipolar,Silexito,Lasca,Seixo,Sem alteração,,,,Lasca de retoque,,,,,,,,,,,,,,
Ant 8,Barra D’Anta,-,Superfície,-,Lascamento Unipolar,Silexito,Lasca,Seixo,Sem alteração,,,,Lasca de retoque,,,,,,,,,,,,,,
Ant 8,Barra D’Anta,-,Superfície,-,Lascamento Unipolar,Silexito,Lasca,Seixo,Sem alteração,,,,Lasca de retoque,,,,,,,,,,,,,,
Ant 8,Barra D’Anta,-,Superfície,-,Lascamento Unipolar,Silexito,Lasca,Seixo,Sem alteração,,,,Lasca de retoque,,,,,,,,,,,,,,
Ant 8,Barra D’Anta,-,Superfície,-,Lascamento Unipolar,Silexito,Lasca,Seixo,Sem alteração,,,,Lasca de retoque,,,,,,,,,,,,,,
Ant 8,Barra D’Anta,-,Superfície,-,Lascamento Unipolar,Silexito,Lasca,Inexistente,Sem alteração,,,,Lasca de retoque,,,,,,,,,,,,,,
Ant 8,Barra D’Anta,-,Superfície,-,Lascamento Unipolar,Silexito,Lasca,Inexistente,Sem alteração,,,,Lasca de retoque,,,,,,,,,,,,,,
Ant 8,Barra D’Anta,-,Superfície,-,Lascamento Unipolar,Silexito,Lasca,Inexistente,Sem alteração,,,,Lasca de retoque,,,,,,,,,,,,,,
Ant 8,Barra D’Anta,-,Superfície,-,Lascamento Unipolar,Silexito,Lasca,Inexistente,Sem alteração,,,,Lasca de retoque,,,,,,,,,,,,,,
Ant 8,Barra D’Anta,-,Superfície,-,Lascamento Unipolar,Silexito,Lasca,Inexistente,Sem alteração,,,,Lasca de retoque,,,,,,,,,,,,,,
Ant 8,Barra D’Anta,-,Superfície,-,Lascamento Unipolar,Silexito,Lasca,Inexistente,Sem alteração,,,,Lasca de retoque,,,,,,,,,,,,,,
Ant 8,Barra D’Anta,-,Superfície,-,Lascamento Unipolar,Silexito,Lasca,Inexistente,Sem alteração,,,,Lasca de retoque,,,,,,,,,,,,,,
Ant 8,Barra D’Anta,-,Superfície,-,Lascamento Unipolar,Silexito,Lasca,Inexistente,Sem alteração,,,,Lasca de retoque,,,,,,,,,,,,,,
Ant 8,Barra D’Anta,-,Superfície,-,Lascamento Unipolar,Silexito,Lasca,Inexistente,Sem alteração,,,,Lasca de retoque,,,,,,,,,,,,,,
Ant 8,Barra D’Anta,-,Superfície,-,Lascamento Unipolar,Silexito,Lasca,Inexistente,Sem alteração,,,,Lasca de retoque,,,,,,,,,,,,,,
Ant 8,Barra D’Anta,-,Superfície,-,Lascamento Unipolar,Silexito,Lasca,Inexistente,Sem alteração,,,,Lasca de retoque,,,,,,,,,,,,,,
Ant 8,Barra D’Anta,-,Superfície,-,Lascamento Unipolar,Silexito,Lasca,Inexistente,Sem alteração,,,,Lasca de retoque,,,,,,,,,,,,,,
Ant 8,Barra D’Anta,-,Superfície,-,Lascamento Unipolar,Silexito,Lasca,Inexistente,Sem alteração,,,,Lasca de retoque,,,,,,,,,,,,,,
Ant 8,Barra D’Anta,-,Superfície,-,Lascamento Unipolar,Silexito,Lasca,Inexistente,Sem alteração,,,,Lasca de retoque,,,,,,,,,,,,,,
Ant 8,Barra D’Anta,-,Superfície,-,Lascamento Unipolar,Silexito,Lasca,Inexistente,Sem alteração,,,,Lasca de retoque,,,,,,,,,,,,,,
Ant 8,Barra D’Anta,-,Superfície,-,Lascamento Unipolar,Silexito,Lasca,Inexistente,Sem alteração,,,,Lasca de retoque,,,,,,,,,,,,,,
Ant 8,Barra D’Anta,-,Superfície,-,Lascamento Unipolar,Quartzo leitoso,Lasca,Inexistente,Sem alteração,,,,Lasca de retoque,,,,,,,,,,,,,,
Ant 8,Barra D’Anta,-,Superfície,-,Lascamento Unipolar,Quartzo leitoso,Lasca,Inexistente,Sem alteração,,,,Lasca de retoque,,,,,,,,,,,,,,
Ant 8,Barra D’Anta,-,Superfície,-,Lascamento Unipolar,Quartzito,Lasca,Inexistente,Sem alteração,,,,,,,,,,,,,,,,,,
Ant 8,Barra D’Anta,-,Superfície,-,Indeterminado,Silexito,Detrito,Inexistente,Sem alteração,,,,,,,,,,,,,,,,,,
Ant 8,Barra D’Anta,-,Superfície,-,Indeterminado,Silexito,Detrito,Inexistente,Sem alteração,,,,,,,,,,,,,,,,,,
Ant 8,Barra D’Anta,-,Superfície,-,Indeterminado,Silexito,Detrito,Inexistente,Sem alteração,,,,,,,,,,,,,,,,,,
Ant 8,Barra D’Anta,-,Superfície,-,Indeterminado,Silexito,Detrito,Inexistente,Sem alteração,,,,,,,,,,,,,,,,,,
Ant 8,Barra D’Anta,-,Superfície,-,Indeterminado,Quartzo leitoso,Detrito,Inexistente,Sem alteração,,,,,,,,,,,,,,,,,,
Ant 8,Barra D’Anta,-,Superfície,-,Sem transformação,Silexito,Natural,Seixo,Pátina,,,,,,,,,,,,,,,,,,
Ant 8,Barra D’Anta,-,Superfície,-,Sem transformação,Silexito,Natural,Seixo,Pátina,,,,,,,,,,,,,,,,,,
Ant 8,Barra D’Anta,-,Superfície,-,Sem transformação,Silexito,Natural,Seixo,Pátina,,,,,,,,,,,,,,,,,,
Ant 8,Barra D’Anta,-,Superfície,-,Sem transformação,Silexito,Natural,Seixo,Pátina,,,,,,,,,,,,,,,,,,
Ant 8,Barra D’Anta,-,Superfície,-,Sem transformação,Silexito,Natural,Seixo,Pátina,,,,,,,,,,,,,,,,,,
Ant 8,Barra D’Anta,-,Superfície,-,Sem transformação,Silexito,Natural,Seixo,Pátina,,,,,,,,,,,,,,,,,,
Ant 8,Barra D’Anta,-,Superfície,-,Sem transformação,Silexito,Natural,Seixo,Pátina,,,,,,,,,,,,,,,,,,
Ant 8,Barra D’Anta,-,Superfície,-,Sem transformação,Quartzo leitoso,Natural,Indeterminado,Sem alteração,,,,,,,,,,,,,,,,,,
Ant 8,Barra D’Anta,-,Superfície,-,Sem transformação,Quartzo leitoso,Natural,Indeterminado,Sem alteração,,,,,,,,,,,,,,,,,,
Ant 8,Barra D’Anta,-,Superfície,-,Indeterminado,Indeterminado,Detrito,Indeterminado,Sem alteração,,,,,,,,,,,,,,,,,,
Ant 8,Barra D’Anta,-,Superfície,-,Indeterminado,Indeterminado,Detrito,Indeterminado,Sem alteração,,,,,,,,,,,,,,,,,,
Ant 8,Barra D’Anta,-,Superfície,-,Indeterminado,Indeterminado,Detrito,Indeterminado,Sem alteração,,,,,,,,,,,,,,,,,,
Ant 8,Barra D’Anta,-,Superfície,-,Indeterminado,Indeterminado,Detrito,Indeterminado,Sem alteração,,,,,,,,,,,,,,,,,,
Ant 8,Barra D’Anta,-,Superfície,-,Indeterminado,Indeterminado,Detrito,Indeterminado,Sem alteração,,,,,,,,,,,,,,,,,,
Ant 8,Barra D’Anta,-,Superfície,-,Indeterminado,Indeterminado,Detrito,Indeterminado,Sem alteração,,,,,,,,,,,,,,,,,,
Ant 8,Barra D’Anta,-,Superfície,-,Indeterminado,Indeterminado,Detrito,Indeterminado,Sem alteração,,,,,,,,,,,,,,,,,,
Ant 9.1,Barra D’Anta,C1,Superfície,I,Sem transformação,Quartzito,Natural,Seixo,Sem alteração,5 a 6 cm,4 a 5 cm,3 a 4 cm,,,,,,,,,,,,,,,
Ant 9.2,Barra D’Anta,C1,Superfície,I,Indeterminado,Basalto,Detrito,Indeterminado,Queima/Alteração de cor,4 a 5 cm,3 a 4 cm,2 a 3 cm,,,,,,,,,,,,,,,
Ant 9.3,Barra D’Anta,C1,Superfície,I,Lascamento Unipolar,Silexito,Instrumento,Inexistente,Sem alteração,4 a 5 cm,3 a 4 cm,1 a 2 cm,,,,,,,,,,,,Bifacial,Indeterminado,Indeterminado,Indeterminado
Ant 9.4,Barra D’Anta,C1,Superfície,I,Lascamento Unipolar,Silexito,Instrumento,Inexistente,Sem alteração,4 a 5 cm,3 a 4 cm,2 a 3 cm,,,,,,,,,,,,Bifacial,Indeterminado,Indeterminado,Indeterminado
Ant 9.5,Barra D’Anta,C1,Superfície,I,Lascamento Unipolar,Silexito,Lasca,Seixo,Sem alteração,3 a 4 cm,3 a 4 cm,1 a 2 cm,Lasca cortical,Cortical,Sem preparação,Sem formação de lábio,Difuso,Nenhuma,Sem informação,Retilíneo,,,,,,,
Ant 9.6,Barra D’Anta,C1,Superfície,I,Lascamento Unipolar,Silexito,Lasca,Inexistente,Sem alteração,3 a 4 cm,1 a 2 cm,0 a 1 cm,Lasca de debitagem,Liso,Sem preparação,Sem formação de lábio,Pronunciado,2,Paralela,Helicoidal,,,,,,,
Ant 9.7,Barra D’Anta,C1,Superfície,I,Sem transformação,Indeterminado,Natural,Seixo,Sem alteração,3 a 4 cm,2 a 3 cm,1 a 2 cm,,,,,,,,,,,,,,,
Ant 9.8,Barra D’Anta,C1,Superfície,I,Lascamento Unipolar,Silexito,Lasca,Inexistente,Sem alteração,2 a 3 cm,3 a 4 cm,1 a 2 cm,Lasca de debitagem,Liso,Sem preparação,Sem formação de lábio,Pronunciado,4 ou +,Ortogonal,Helicoidal,,,,,,,
Ant 9.9,Barra D’Anta,C1,Superfície,I,Lascamento Unipolar,Basalto,Lasca,Indeterminado,Sem alteração,2 a 3 cm,2 a 3 cm,1 a 2 cm,Indeterminado,Liso,Indeterminado,Indeterminado,Indeterminado,2,Indeterminado,Retilíneo,,,,,,,
Ant 9.10,Barra D’Anta,C1,Superfície,I,Lascamento Unipolar,Silexito,Instrumento,Seixo,Sem alteração,4 a 5 cm,1 a 2 cm,1 a 2 cm,,,,,,,,,,,,Unifacial,Indeterminado,1,Lateral
Ant 9.11,Barra D’Anta,C1,Superfície,I,Indeterminado,Quartzito,Detrito,Indeterminado,Sem alteração,2 a 3 cm,1 a 2 cm,1 a 2 cm,,,,,,,,,,,,,,,
Ant 9.12,Barra D’Anta,C1,Superfície,I,Lascamento Unipolar,Silexito,Lasca,Inexistente,Sem alteração,2 a 3 cm,2 a 3 cm,0 a 1 cm,Lasca de debitagem,Liso,Sem preparação,Sem formação de lábio,Difuso,3,Ortogonal,Retilíneo,,,,,,,
Ant 9.13,Barra D’Anta,C1,Superfície,I,Indeterminado,Silexito,Detrito,Seixo,Sem alteração,3 a 4 cm,2 a 3 cm,1 a 2 cm,,,,,,,,,,,,,,,
Ant 9,Barra D’Anta,-,Superfície,-,Lascamento Unipolar,Silexito,Lasca,Seixo,Sem alteração,,,,Lasca de retoque,,,,,,,,,,,,,,
Ant 9,Barra D’Anta,-,Superfície,-,Lascamento Unipolar,Silexito,Lasca,Inexistente,Sem alteração,,,,Lasca de retoque,,,,,,,,,,,,,,
Ant 9,Barra D’Anta,-,Superfície,-,Lascamento Unipolar,Silexito,Lasca,Seixo,Sem alteração,,,,Lasca de retoque,,,,,,,,,,,,,,
Ant 9,Barra D’Anta,-,Superfície,-,Lascamento Unipolar,Silexito,Lasca,Seixo,Sem alteração,,,,Lasca de retoque,,,,,,,,,,,,,,
Ant 9,Barra D’Anta,-,Superfície,-,Lascamento Unipolar,Silexito,Lasca,Seixo,Sem alteração,,,,Lasca de retoque,,,,,,,,,,,,,,
Ant 9,Barra D’Anta,-,Superfície,-,Lascamento Unipolar,Silexito,Lasca,Seixo,Sem alteração,,,,Lasca de retoque,,,,,,,,,,,,,,
Ant 9,Barra D’Anta,-,Superfície,-,Lascamento Unipolar,Silexito,Lasca,Inexistente,Sem alteração,,,,Lasca de retoque,,,,,,,,,,,,,,
Ant 9,Barra D’Anta,-,Superfície,-,Lascamento Unipolar,Silexito,Lasca,Inexistente,Sem alteração,,,,Lasca de retoque,,,,,,,,,,,,,,
Ant 9,Barra D’Anta,-,Superfície,-,Lascamento Unipolar,Silexito,Lasca,Inexistente,Sem alteração,,,,Lasca de retoque,,,,,,,,,,,,,,
Ant 9,Barra D’Anta,-,Superfície,-,Lascamento Unipolar,Silexito,Lasca,Inexistente,Sem alteração,,,,Lasca de retoque,,,,,,,,,,,,,,
Ant 9,Barra D’Anta,-,Superfície,-,Lascamento Unipolar,Silexito,Lasca,Inexistente,Sem alteração,,,,Lasca de retoque,,,,,,,,,,,,,,
Ant 9,Barra D’Anta,-,Superfície,-,Lascamento Unipolar,Silexito,Lasca,Inexistente,Sem alteração,,,,Lasca de retoque,,,,,,,,,,,,,,
Ant 9,Barra D’Anta,-,Superfície,-,Lascamento Unipolar,Silexito,Lasca,Inexistente,Sem alteração,,,,Lasca de retoque,,,,,,,,,,,,,,
Ant 9,Barra D’Anta,-,Superfície,-,Lascamento Unipolar,Silexito,Lasca,Inexistente,Sem alteração,,,,Lasca de retoque,,,,,,,,,,,,,,
Ant 9,Barra D’Anta,-,Superfície,-,Lascamento Unipolar,Silexito,Lasca,Inexistente,Sem alteração,,,,Lasca de retoque,,,,,,,,,,,,,,
Ant 9,Barra D’Anta,-,Superfície,-,Sem transformação,Silexito,Natural,Seixo,Pátina,,,,,,,,,,,,,,,,,,
Ant 9,Barra D’Anta,-,Superfície,-,Sem transformação,Silexito,Natural,Seixo,Pátina,,,,,,,,,,,,,,,,,,
Ant 9,Barra D’Anta,-,Superfície,-,Sem transformação,Silexito,Natural,Seixo,Pátina,,,,,,,,,,,,,,,,,,
Ant 9,Barra D’Anta,-,Superfície,-,Lascamento Unipolar,Quartzo leitoso,Lasca,Inexistente,Sem alteração,,,,Lasca de retoque,,,,,,,,,,,,,,
Ant 9,Barra D’Anta,-,Superfície,-,Lascamento Unipolar,Quartzo leitoso,Lasca,Inexistente,Sem alteração,,,,Lasca de retoque,,,,,,,,,,,,,,
Ant 9,Barra D’Anta,-,Superfície,-,Lascamento Unipolar,Quartzo leitoso,Lasca,Inexistente,Sem alteração,,,,Lasca de retoque,,,,,,,,,,,,,,
Ant 9,Barra D’Anta,-,Superfície,-,Indeterminado,Quartzo leitoso,Detrito,Inexistente,Sem alteração,,,,,,,,,,,,,,,,,,
Ant 9,Barra D’Anta,-,Superfície,-,Indeterminado,Indeterminado,Detrito,Indeterminado,Sem alteração,,,,,,,,,,,,,,,,,,
Ant 9,Barra D’Anta,-,Superfície,-,Indeterminado,Indeterminado,Detrito,Indeterminado,Sem alteração,,,,,,,,,,,,,,,,,,
Ant 10.1,Barra D’Anta,C2,Superfície,I,Lascamento Unipolar,Silexito,Lasca,Seixo,Sem alteração,3 a 4 cm,3 a 4 cm,1 a 2 cm,Lasca de debitagem,Liso,Sem preparação,Sem formação de lábio,Pronunciado,4 ou +,Ortogonal,Helicoidal,,,,,,,
Ant 10.2,Barra D’Anta,C2,Superfície,I,Lascamento Unipolar,Silexito,Lasca,Seixo,Sem alteração,3 a 4 cm,3 a 4 cm,0 a 1 cm,Lasca de debitagem,Linear,Sem preparação,Sem formação de lábio,Pronunciado,2,Paralela,Retilíneo,,,,,,,
Ant 10.3,Barra D’Anta,C2,Superfície,I,Lascamento Unipolar,Silexito,Lasca,Inexistente,Sem alteração,2 a 3 cm,2 a 3 cm,0 a 1 cm,Indeterminado,Indeterminado,Indeterminado,Indeterminado,Indeterminado,3,Ortogonal,Retilíneo,,,,,,,
Ant 10.4,Barra D’Anta,C2,Superfície,I,Sem transformação,Silexito,Natural,Seixo,Pátina,2 a 3 cm,1 a 2 cm,1 a 2 cm,,,,,,,,,,,,,,,
Ant 10.5,Barra D’Anta,C2,Superfície,I,Lascamento Unipolar,Silexito,Lasca,Seixo,Sem alteração,2 a 3 cm,2 a 3 cm,0 a 1 cm,Lasca de debitagem,Retirado,Indeterminado,Sem formação de lábio,Pronunciado,1,Uma cicatriz apenas,Retilíneo,,,,,,,
Ant 10.6,Barra D’Anta,C2,Superfície,I,Lascamento Unipolar,Silexito,Lasca,Seixo,Sem alteração,2 a 3 cm,2 a 3 cm,0 a 1 cm,Lasca cortical,Cortical,Indeterminado,Sem formação de lábio,Pronunciado,1,Uma cicatriz apenas,Retilíneo,,,,,,,
Ant 10.7,Barra D’Anta,C2,Superfície,I,Lascamento Unipolar,Basalto,Instrumento,Inexistente,Sem alteração,3 a 4 cm,5 a 6 cm,1 a 2 cm,,,,,,,,,,,,Bifacial,Lasca unipolar,Indeterminado,Indeterminado
Ant 10.8,Barra D’Anta,C2,Superfície,I,Sem transformação,Silexito,Natural,Seixo,Pátina,2 a 3 cm,2 a 3 cm,1 a 2 cm,,,,,,,,,,,,,,,
Ant 10,Barra D’Anta,-,Superfície,-,Lascamento Unipolar,Silexito,Lasca,Seixo,Sem alteração,,,,Lasca de retoque,,,,,,,,,,,,,,
Ant 10,Barra D’Anta,-,Superfície,-,Lascamento Unipolar,Silexito,Lasca,Seixo,Sem alteração,,,,Lasca de retoque,,,,,,,,,,,,,,
Ant 10,Barra D’Anta,-,Superfície,-,Lascamento Unipolar,Silexito,Lasca,Seixo,Sem alteração,,,,Lasca de retoque,,,,,,,,,,,,,,
Ant 10,Barra D’Anta,-,Superfície,-,Lascamento Unipolar,Silexito,Lasca,Seixo,Sem alteração,,,,Lasca de retoque,,,,,,,,,,,,,,
Ant 10,Barra D’Anta,-,Superfície,-,Lascamento Unipolar,Silexito,Lasca,Inexistente,Sem alteração,,,,Lasca de retoque,,,,,,,,,,,,,,
Ant 10,Barra D’Anta,-,Superfície,-,Lascamento Unipolar,Silexito,Lasca,Inexistente,Sem alteração,,,,Lasca de retoque,,,,,,,,,,,,,,
Ant 10,Barra D’Anta,-,Superfície,-,Lascamento Unipolar,Silexito,Lasca,Inexistente,Sem alteração,,,,Lasca de retoque,,,,,,,,,,,,,,
Ant 10,Barra D’Anta,-,Superfície,-,Lascamento Unipolar,Silexito,Lasca,Inexistente,Sem alteração,,,,Lasca de retoque,,,,,,,,,,,,,,
Ant 10,Barra D’Anta,-,Superfície,-,Lascamento Unipolar,Silexito,Lasca,Inexistente,Sem alteração,,,,Lasca de retoque,,,,,,,,,,,,,,
Ant 10,Barra D’Anta,-,Superfície,-,Lascamento Unipolar,Silexito,Lasca,Inexistente,Sem alteração,,,,Lasca de retoque,,,,,,,,,,,,,,
Ant 10,Barra D’Anta,-,Superfície,-,Indeterminado,Silexito,Detrito,Seixo,Sem alteração,,,,,,,,,,,,,,,,,,
Ant 10,Barra D’Anta,-,Superfície,-,Indeterminado,Silexito,Detrito,Inexistente,Sem alteração,,,,,,,,,,,,,,,,,,
Ant 10,Barra D’Anta,-,Superfície,-,Sem transformação,Silexito,Natural,Seixo,Pátina,,,,,,,,,,,,,,,,,,
Ant 10,Barra D’Anta,-,Superfície,-,Sem transformação,Silexito,Natural,Seixo,Pátina,,,,,,,,,,,,,,,,,,
Ant 10,Barra D’Anta,-,Superfície,-,Sem transformação,Silexito,Natural,Seixo,Pátina,,,,,,,,,,,,,,,,,,
Ant 10,Barra D’Anta,-,Superfície,-,Lascamento Unipolar,Quartzo leitoso,Lasca,Inexistente,Sem alteração,,,,Lasca de retoque,,,,,,,,,,,,,,
Ant 10,Barra D’Anta,-,Superfície,-,Indeterminado,Basalto,Detrito,Indeterminado,Sem alteração,,,,,,,,,,,,,,,,,,
Ant 11.1,Barra D’Anta,C3,Superfície,I,Sem transformação,Indeterminado,Natural,Seixo,Sem alteração,4 a 5 cm,2 a 3 cm,1 a 2 cm,,,,,,,,,,,,,,,
Ant 11.2,Barra D’Anta,C3,Superfície,I,Lascamento Unipolar,Arenito silicificado,Instrumento,Inexistente,Sem alteração,3 a 4 cm,4 a 5 cm,1 a 2 cm,,,,,,,,,,,,Bifacial,Indeterminado,Indeterminado,Indeterminado
Ant 11.3,Barra D’Anta,C3,Superfície,I,Lascamento Unipolar,Basalto,Lasca,Indeterminado,Sem alteração,2 a 3 cm,3 a 4 cm,1 a 2 cm,Indeterminado,Liso,Sem preparação,Sem formação de lábio,Pronunciado,1,Uma cicatriz apenas,Retilíneo,,,,,,,
Ant 11.4,Barra D’Anta,C3,Superfície,I,Lascamento bipolar,Silexito,Lasca,Seixo,Sem alteração,4 a 5 cm,3 a 4 cm,2 a 3 cm,Lasca cortical,Indeterminado,Indeterminado,Indeterminado,Indeterminado,Nenhuma,Sem informação,Retilíneo,,,,,,,
Ant 11.5,Barra D’Anta,C3,Superfície,I,Indeterminado,Indeterminado,Detrito,Indeterminado,Sem alteração,4 a 5 cm,3 a 4 cm,1 a 2 cm,,,,,,,,,,,,,,,
Ant 11.6,Barra D’Anta,C3,Superfície,I,Indeterminado,Basalto,Detrito,Indeterminado,Sem alteração,4 a 5 cm,3 a 4 cm,3 a 4 cm,,,,,,,,,,,,,,,
Ant 11.7,Barra D’Anta,C3,Superfície,I,Lascamento Unipolar,Silexito,Lasca,Seixo,Sem alteração,3 a 4 cm,2 a 3 cm,1 a 2 cm,Lasca cortical,Liso,Sem preparação,Sem formação de lábio,Pronunciado,1,Uma cicatriz apenas,Retilíneo,,,,,,,
Ant 11.8,Barra D’Anta,C3,Superfície,I,Sem transformação,Quartzito,Natural,Seixo,Sem alteração,2 a 3 cm,1 a 2 cm,1 a 2 cm,,,,,,,,,,,,,,,
Ant 11.9,Barra D’Anta,C3,Superfície,I,Lascamento Unipolar,Silexito,Lasca,Inexistente,Sem alteração,5 a 6 cm,2 a 3 cm,1 a 2 cm,Lasca de debitagem,Diedro,Com preparação,Com formação de lábio,Difuso,1,Uma cicatriz apenas,Helicoidal,,,,,,,
Ant 11,Barra D’Anta,-,Superfície,-,Lascamento Unipolar,Silexito,Lasca,Seixo,Sem alteração,,,,Lasca de retoque,,,,,,,,,,,,,,
Ant 11,Barra D’Anta,-,Superfície,-,Lascamento Unipolar,Silexito,Lasca,Inexistente,Sem alteração,,,,Lasca de retoque,,,,,,,,,,,,,,
Ant 11,Barra D’Anta,-,Superfície,-,Lascamento Unipolar,Silexito,Lasca,Inexistente,Sem alteração,,,,Lasca de retoque,,,,,,,,,,,,,,
Ant 11,Barra D’Anta,-,Superfície,-,Lascamento Unipolar,Silexito,Lasca,Inexistente,Sem alteração,,,,Lasca de retoque,,,,,,,,,,,,,,
Ant 11,Barra D’Anta,-,Superfície,-,Lascamento Unipolar,Silexito,Lasca,Inexistente,Sem alteração,,,,Lasca de retoque,,,,,,,,,,,,,,
Ant 11,Barra D’Anta,-,Superfície,-,Lascamento Unipolar,Silexito,Lasca,Inexistente,Sem alteração,,,,Lasca de retoque,,,,,,,,,,,,,,
Ant 11,Barra D’Anta,-,Superfície,-,Lascamento Unipolar,Silexito,Lasca,Inexistente,Sem alteração,,,,Lasca de retoque,,,,,,,,,,,,,,
Ant 11,Barra D’Anta,-,Superfície,-,Sem transformação,Silexito,Natural,Seixo,Pátina,,,,,,,,,,,,,,,,,,
Ant 11,Barra D’Anta,-,Superfície,-,Sem transformação,Silexito,Natural,Seixo,Pátina,,,,,,,,,,,,,,,,,,
Ant 11,Barra D’Anta,-,Superfície,-,Lascamento Unipolar,Arenito silicificado,Lasca,Inexistente,Sem alteração,,,,Lasca de retoque,,,,,,,,,,,,,,
Ant 11,Barra D’Anta,-,Superfície,-,Indeterminado,Indeterminado,Detrito,Indeterminado,Sem alteração,,,,,,,,,,,,,,,,,,
Ant 11,Barra D’Anta,-,Superfície,-,Indeterminado,Indeterminado,Detrito,Indeterminado,Sem alteração,,,,,,,,,,,,,,,,,,
Ant 11,Barra D’Anta,-,Superfície,-,Indeterminado,Indeterminado,Detrito,Indeterminado,Sem alteração,,,,,,,,,,,,,,,,,,
Ant 12.1,Barra D’Anta,C4,Superfície,I,Lascamento Unipolar,Quartzo leitoso,Lasca,Inexistente,Sem alteração,2 a 3 cm,2 a 3 cm,0 a 1 cm,Lasca de debitagem,Indeterminado,Indeterminado,Indeterminado,Indeterminado,4 ou +,Ortogonal,Retilíneo,,,,,,,
Ant 12.2,Barra D’Anta,C4,Superfície,I,Lascamento Unipolar,Basalto,Lasca,Indeterminado,Sem alteração,2 a 3 cm,4 a 5 cm,2 a 3 cm,Lasca de debitagem,Indeterminado,Indeterminado,Indeterminado,Indeterminado,Indeterminado,Indeterminado,Retilíneo,,,,,,,
Ant 12.3,Barra D’Anta,C4,Superfície,I,Indeterminado,Basalto,Detrito,Indeterminado,Sem alteração,6 a 7 cm,5 a 6 cm,3 a 4 cm,,,,,,,,,,,,,,,
Ant 12.4,Barra D’Anta,C4,Superfície,I,Sem transformação,Silexito,Natural,Seixo,Pátina,6 a 7 cm,3 a 4 cm,2 a 3 cm,,,,,,,,,,,,,,,
Ant 12,Barra D’Anta,-,Superfície,-,Lascamento Unipolar,Silexito,Lasca,Seixo,Sem alteração,,,,Lasca de retoque,,,,,,,,,,,,,,
Ant 12,Barra D’Anta,-,Superfície,-,Lascamento Unipolar,Silexito,Lasca,Seixo,Sem alteração,,,,Lasca de retoque,,,,,,,,,,,,,,
Ant 12,Barra D’Anta,-,Superfície,-,Lascamento Unipolar,Silexito,Lasca,Inexistente,Sem alteração,,,,Lasca de retoque,,,,,,,,,,,,,,
Ant 12,Barra D’Anta,-,Superfície,-,Lascamento Unipolar,Silexito,Lasca,Inexistente,Sem alteração,,,,Lasca de retoque,,,,,,,,,,,,,,
Ant 12,Barra D’Anta,-,Superfície,-,Lascamento Unipolar,Silexito,Lasca,Inexistente,Sem alteração,,,,Lasca de retoque,,,,,,,,,,,,,,
Ant 12,Barra D’Anta,-,Superfície,-,Lascamento Unipolar,Silexito,Lasca,Inexistente,Sem alteração,,,,Lasca de retoque,,,,,,,,,,,,,,
Ant 12,Barra D’Anta,-,Superfície,-,Lascamento Unipolar,Silexito,Lasca,Inexistente,Sem alteração,,,,Lasca de retoque,,,,,,,,,,,,,,
Ant 12,Barra D’Anta,-,Superfície,-,Lascamento Unipolar,Arenito silicificado,Lasca,Inexistente,Sem alteração,,,,Lasca de retoque,,,,,,,,,,,,,,
Ant 12,Barra D’Anta,-,Superfície,-,Lascamento Unipolar,Quartzo leitoso,Lasca,Inexistente,Sem alteração,,,,Lasca de retoque,,,,,,,,,,,,,,
Ant 12,Barra D’Anta,-,Superfície,-,Indeterminado,Quartzo leitoso,Detrito,Inexistente,Sem alteração,,,,,,,,,,,,,,,,,,
Ant 12,Barra D’Anta,-,Superfície,-,Sem transformação,Silexito,Natural,Seixo,Pátina,,,,,,,,,,,,,,,,,,
Ant 12,Barra D’Anta,-,Superfície,-,Sem transformação,Silexito,Natural,Seixo,Pátina,,,,,,,,,,,,,,,,,,
Ant 12,Barra D’Anta,-,Superfície,-,Sem transformação,Silexito,Natural,Seixo,Pátina,,,,,,,,,,,,,,,,,,
Ant 12,Barra D’Anta,-,Superfície,-,Sem transformação,Silexito,Natural,Seixo,Pátina,,,,,,,,,,,,,,,,,,
Ant 12,Barra D’Anta,-,Superfície,-,Sem transformação,Silexito,Natural,Seixo,Pátina,,,,,,,,,,,,,,,,,,
Ant 12,Barra D’Anta,-,Superfície,-,Sem transformação,Silexito,Natural,Seixo,Pátina,,,,,,,,,,,,,,,,,,
Ant 12,Barra D’Anta,-,Superfície,-,Sem transformação,Silexito,Natural,Seixo,Pátina,,,,,,,,,,,,,,,,,,
Ant 13.1,Barra D’Anta,D1,Superfície,I,Lascamento Unipolar,Silexito,Lasca,Seixo,Sem alteração,2 a 3 cm,3 a 4 cm,1 a 2 cm,Lasca de formatação,Cortical,Sem preparação,Sem formação de lábio,Difuso,3,Paralela,Curvo,,,,,,,
Ant 13.2,Barra D’Anta,D1,Superfície,I,Lascamento Unipolar,Basalto,Lasca,Inexistente,Sem alteração,2 a 3 cm,3 a 4 cm,1 a 2 cm,Indeterminado,Liso,Sem preparação,Sem formação de lábio,Pronunciado,1,Uma cicatriz apenas,Retilíneo,,,,,,,
Ant 13.3,Barra D’Anta,D1,Superfície,I,Lascamento Unipolar,Silexito,Lasca,Seixo,Sem alteração,4 a 5 cm,3 a 4 cm,1 a 2 cm,Lasca de debitagem,Cortical,Sem preparação,Sem formação de lábio,Pronunciado,2,Centrípeta,Retilíneo,,,,,,,
Ant 13.4,Barra D’Anta,D1,Superfície,I,Lascamento Unipolar,Silexito,Lasca,Seixo,Sem alteração,3 a 4 cm,2 a 3 cm,1 a 2 cm,Lasca cortical,Liso,Indeterminado,Indeterminado,Indeterminado,Nenhuma,Sem informação,Curvo,,,,,,,
Ant 13.5,Barra D’Anta,D1,Superfície,I,Lascamento Unipolar,Silexito,Lasca,Inexistente,Sem alteração,3 a 4 cm,1 a 2 cm,0 a 1 cm,Lasca de debitagem,Liso,Sem preparação,Sem formação de lábio,Pronunciado,2,Paralela,Helicoidal,,,,,,,
Ant 13.6,Barra D’Anta,D1,Superfície,I,Lascamento Unipolar,Basalto,Lasca,Indeterminado,Sem alteração,3 a 4 cm,2 a 3 cm,1 a 2 cm,Indeterminado,Liso,Indeterminado,Indeterminado,Indeterminado,Indeterminado,Sem informação,Retilíneo,,,,,,,
Ant 13.7,Barra D’Anta,D1,Superfície,I,Lascamento Unipolar,Silexito,Lasca,Seixo,Sem alteração,2 a 3 cm,2 a 3 cm,1 a 2 cm,Lasca de debitagem,Indeterminado,Indeterminado,Indeterminado,Indeterminado,2,Paralela,Helicoidal,,,,,,,
Ant 13.8,Barra D’Anta,D1,Superfície,I,Lascamento Unipolar,Silexito,Lasca,Seixo,Sem alteração,2 a 3 cm,2 a 3 cm,1 a 2 cm,Lasca cortical,Diedro,Sem preparação,Sem formação de lábio,Pronunciado,Nenhuma,Sem informação,Retilíneo,,,,,,,
Ant 13.9,Barra D’Anta,D1,Superfície,I,Lascamento Unipolar,Silexito,Lasca,Inexistente,Sem alteração,2 a 3 cm,2 a 3 cm,1 a 2 cm,Lasca de debitagem,Indeterminado,Indeterminado,Indeterminado,Indeterminado,4 ou +,Ortogonal,Indeterminado,,,,,,,
Ant 13.10,Barra D’Anta,D1,Superfície,I,Lascamento Unipolar,Silexito,Lasca,Inexistente,Sem alteração,2 a 3 cm,2 a 3 cm,0 a 1 cm,Lasca de formatação,Linear,Sem preparação,Sem formação de lábio,Pronunciado,4 ou +,Ortogonal,Retilíneo,,,,,,,
Ant 13.11,Barra D’Anta,D1,Superfície,I,Lascamento Unipolar,Silexito,Lasca,Seixo,Sem alteração,3 a 4 cm,1 a 2 cm,0 a 1 cm,Lasca de debitagem,Liso,Sem preparação,Sem formação de lábio,Pronunciado,1,Uma cicatriz apenas,Helicoidal,,,,,,,
Ant 13.12,Barra D’Anta,D1,Superfície,I,Sem transformação,Quartzito,Natural,Seixo,Sem alteração,5 a 6 cm,2 a 3 cm,1 a 2 cm,,,,,,,,,,,,,,,
Ant 13.13,Barra D’Anta,D1,Superfície,I,Lascamento Unipolar,Silexito,Lasca,Inexistente,Sem alteração,2 a 3 cm,2 a 3 cm,1 a 2 cm,Lasca de debitagem,Indeterminado,Indeterminado,Indeterminado,Indeterminado,2,Paralela,Retilíneo,,,,,,,
Ant 13.14,Barra D’Anta,D1,Superfície,I,Lascamento Unipolar,Indeterminado,Lasca,Seixo,Sem alteração,4 a 5 cm,3 a 4 cm,1 a 2 cm,Lasca de debitagem,Indeterminado,Indeterminado,Indeterminado,Indeterminado,1,Uma cicatriz apenas,Retilíneo,,,,,,,
Ant 13.15,Barra D’Anta,D1,Superfície,I,Lascamento Unipolar,Basalto,Lasca,Inexistente,Sem alteração,5 a 6 cm,3 a 4 cm,1 a 2 cm,Lasca de debitagem,Liso,Sem preparação,Sem formação de lábio,Pronunciado,3,Ortogonal,Retilíneo,,,,,,,
Ant 13,Barra D’Anta,-,Superfície,,Lascamento Unipolar,Silexito,Lasca,Seixo,Sem alteração,,,,Lasca de retoque,,,,,,,,,,,,,,
Ant 13,Barra D’Anta,-,Superfície,,Lascamento Unipolar,Silexito,Lasca,Inexistente,Sem alteração,,,,Lasca de retoque,,,,,,,,,,,,,,
Ant 13,Barra D’Anta,-,Superfície,,Lascamento Unipolar,Silexito,Lasca,Inexistente,Sem alteração,,,,Lasca de retoque,,,,,,,,,,,,,,
Ant 13,Barra D’Anta,-,Superfície,,Lascamento Unipolar,Silexito,Lasca,Inexistente,Sem alteração,,,,Lasca de retoque,,,,,,,,,,,,,,
Ant 13,Barra D’Anta,-,Superfície,,Lascamento Unipolar,Silexito,Lasca,Inexistente,Sem alteração,,,,Lasca de retoque,,,,,,,,,,,,,,
Ant 13,Barra D’Anta,-,Superfície,,Lascamento Unipolar,Silexito,Lasca,Inexistente,Sem alteração,,,,Lasca de retoque,,,,,,,,,,,,,,
Ant 13,Barra D’Anta,-,Superfície,,Lascamento Unipolar,Silexito,Lasca,Inexistente,Sem alteração,,,,Lasca de retoque,,,,,,,,,,,,,,
Ant 13,Barra D’Anta,-,Superfície,,Lascamento Unipolar,Silexito,Lasca,Inexistente,Sem alteração,,,,Lasca de retoque,,,,,,,,,,,,,,
Ant 13,Barra D’Anta,-,Superfície,,Lascamento Unipolar,Silexito,Lasca,Inexistente,Sem alteração,,,,Lasca de retoque,,,,,,,,,,,,,,
Ant 13,Barra D’Anta,-,Superfície,,Lascamento Unipolar,Silexito,Lasca,Inexistente,Sem alteração,,,,Lasca de retoque,,,,,,,,,,,,,,
Ant 13,Barra D’Anta,-,Superfície,,Lascamento Unipolar,Silexito,Lasca,Inexistente,Sem alteração,,,,Lasca de retoque,,,,,,,,,,,,,,
Ant 13,Barra D’Anta,-,Superfície,,Lascamento Unipolar,Silexito,Lasca,Inexistente,Sem alteração,,,,Lasca de retoque,,,,,,,,,,,,,,
Ant 13,Barra D’Anta,-,Superfície,,Lascamento Unipolar,Silexito,Lasca,Inexistente,Sem alteração,,,,Lasca de retoque,,,,,,,,,,,,,,
Ant 13,Barra D’Anta,-,Superfície,,Lascamento Unipolar,Silexito,Lasca,Inexistente,Sem alteração,,,,Lasca de retoque,,,,,,,,,,,,,,
Ant 13,Barra D’Anta,-,Superfície,,Indeterminado,Silexito,Detrito,Seixo,Sem alteração,,,,,,,,,,,,,,,,,,
Ant 13,Barra D’Anta,-,Superfície,,Indeterminado,Silexito,Detrito,Inexistente,Sem alteração,,,,,,,,,,,,,,,,,,
Ant 13,Barra D’Anta,-,Superfície,,Indeterminado,Silexito,Detrito,Inexistente,Sem alteração,,,,,,,,,,,,,,,,,,
Ant 13,Barra D’Anta,-,Superfície,,Sem transformação,Silexito,Natural,Seixo,Pátina,,,,,,,,,,,,,,,,,,
Ant 13,Barra D’Anta,-,Superfície,,Sem transformação,Silexito,Natural,Seixo,Sem alteração,,,,,,,,,,,,,,,,,,
Ant 13,Barra D’Anta,-,Superfície,,Sem transformação,Silexito,Natural,Seixo,Sem alteração,,,,,,,,,,,,,,,,,,
Ant 13,Barra D’Anta,-,Superfície,,Lascamento Unipolar,Quartzo leitoso,Lasca,Inexistente,Sem alteração,,,,Lasca de retoque,,,,,,,,,,,,,,
Ant 13,Barra D’Anta,-,Superfície,,Lascamento Unipolar,Quartzo leitoso,Lasca,Inexistente,Sem alteração,,,,Lasca de retoque,,,,,,,,,,,,,,
Ant 13,Barra D’Anta,-,Superfície,,Lascamento Unipolar,Quartzo leitoso,Lasca,Inexistente,Sem alteração,,,,Lasca de retoque,,,,,,,,,,,,,,
Ant 13,Barra D’Anta,-,Superfície,,Lascamento Unipolar,Quartzo leitoso,Lasca,Inexistente,Sem alteração,,,,Lasca de retoque,,,,,,,,,,,,,,
Ant 13,Barra D’Anta,-,Superfície,,Indeterminado,Indeterminado,Detrito,Indeterminado,Sem alteração,,,,,,,,,,,,,,,,,,
Ant 13,Barra D’Anta,-,Superfície,,Indeterminado,Indeterminado,Detrito,Indeterminado,Sem alteração,,,,,,,,,,,,,,,,,,
Ant 13,Barra D’Anta,-,Superfície,,Indeterminado,Indeterminado,Detrito,Indeterminado,Sem alteração,,,,,,,,,,,,,,,,,,
Ant 13,Barra D’Anta,-,Superfície,,Indeterminado,Indeterminado,Detrito,Indeterminado,Sem alteração,,,,,,,,,,,,,,,,,,
Ant 13,Barra D’Anta,-,Superfície,,Indeterminado,Indeterminado,Detrito,Indeterminado,Sem alteração,,,,,,,,,,,,,,,,,,
Ant 14.1,Barra D’Anta,D2,Superfície,I,Lascamento Unipolar,Basalto,Instrumento,Inexistente,Sem alteração,7 a 8 cm,5 a 6 cm,2 a 3 cm,,,,,,,,,,,,Unifacial,Lasca unipolar,1,Lateral
Ant 14.2,Barra D’Anta,D2,Superfície,I,Lascamento Unipolar,Basalto,Lasca,Seixo,Sem alteração,4 a 5 cm,4 a 5 cm,1 a 2 cm,Lasca de debitagem,Liso,Sem preparação,Sem formação de lábio,Difuso,Indeterminado,Sem informação,Retilíneo,,,,,,,
Ant 14.3,Barra D’Anta,D2,Superfície,I,Indeterminado,Basalto,Detrito,Indeterminado,Sem alteração,5 a 6 cm,3 a 4 cm,2 a 3 cm,,,,,,,,,,,,,,,
Ant 14.4,Barra D’Anta,D2,Superfície,I,Lascamento Unipolar,Silexito,Lasca,Seixo,Sem alteração,4 a 5 cm,3 a 4 cm,1 a 2 cm,Lasca de debitagem,Indeterminado,Indeterminado,Indeterminado,Indeterminado,4 ou +,Centrípeta,Helicoidal,,,,,,,
Ant 14.5,Barra D’Anta,D2,Superfície,I,Indeterminado,Basalto,Detrito,Indeterminado,Sem alteração,4 a 5 cm,2 a 3 cm,1 a 2 cm,,,,,,,,,,,,,,,
Ant 14.6,Barra D’Anta,D2,Superfície,I,Lascamento Unipolar,Basalto,Lasca,Inexistente,Sem alteração,4 a 5 cm,3 a 4 cm,1 a 2 cm,Lasca de debitagem,Indeterminado,Indeterminado,Indeterminado,Indeterminado,2,Paralela,Retilíneo,,,,,,,
Ant 14.7,Barra D’Anta,D2,Superfície,I,Lascamento Unipolar,Silexito,Lasca,Inexistente,Sem alteração,3 a 4 cm,2 a 3 cm,0 a 1 cm,Lasca de debitagem,Liso,Sem preparação,Com formação de lábio,Difuso,4 ou +,Ortogonal,Helicoidal,,,,,,,
Ant 14.8,Barra D’Anta,D2,Superfície,I,Sem transformação,Indeterminado,Natural,Seixo,Sem alteração,2 a 3 cm,2 a 3 cm,1 a 2 cm,,,,,,,,,,,,,,,
Ant 14.9,Barra D’Anta,D2,Superfície,I,Lascamento Unipolar,Silexito,Lasca,Seixo,Sem alteração,2 a 3 cm,2 a 3 cm,1 a 2 cm,Lasca cortical,Indeterminado,Indeterminado,Indeterminado,Indeterminado,Nenhuma,Sem informação,Retilíneo,,,,,,,
Ant 14.10,Barra D’Anta,D2,Superfície,I,Lascamento Unipolar,Arenito silicificado,Lasca,Inexistente,Sem alteração,2 a 3 cm,2 a 3 cm,1 a 2 cm,Lasca de debitagem,Liso,Sem preparação,Sem formação de lábio,Difuso,4 ou +,Ortogonal,Retilíneo,,,,,,,
Ant 14.11,Barra D’Anta,D2,Superfície,I,Indeterminado,Silexito,Lasca,Inexistente,Sem alteração,3 a 4 cm,2 a 3 cm,1 a 2 cm,Lasca de debitagem,Indeterminado,Indeterminado,Indeterminado,Indeterminado,2,Paralela,Retilíneo,,,,,,,
Ant 14.12,Barra D’Anta,D2,Superfície,I,Indeterminado,Quartzito,Detrito,Indeterminado,Sem alteração,2 a 3 cm,2 a 3 cm,0 a 1 cm,,,,,,,,,,,,,,,
Ant 14.13,Barra D’Anta,D2,Superfície,I,Lascamento Unipolar,Silexito,Lasca,Seixo,Sem alteração,3 a 4 cm,2 a 3 cm,0 a 1 cm,Lasca cortical,Liso,Sem preparação,Sem formação de lábio,Difuso,Nenhuma,Sem informação,Helicoidal,,,,,,,
Ant 14,Barra D’Anta,-,Superfície,-,Lascamento Unipolar,Silexito,Lasca,Seixo,Sem alteração,,,,Lasca de retoque,,,,,,,,,,,,,,
Ant 14,Barra D’Anta,-,Superfície,-,Lascamento Unipolar,Silexito,Lasca,Inexistente,Sem alteração,,,,Lasca de retoque,,,,,,,,,,,,,,
Ant 14,Barra D’Anta,-,Superfície,-,Lascamento Unipolar,Silexito,Lasca,Inexistente,Sem alteração,,,,Lasca de retoque,,,,,,,,,,,,,,
Ant 14,Barra D’Anta,-,Superfície,-,Lascamento Unipolar,Silexito,Lasca,Inexistente,Sem alteração,,,,Lasca de retoque,,,,,,,,,,,,,,
Ant 14,Barra D’Anta,-,Superfície,-,Lascamento Unipolar,Silexito,Lasca,Inexistente,Sem alteração,,,,Lasca de retoque,,,,,,,,,,,,,,
Ant 14,Barra D’Anta,-,Superfície,-,Lascamento Unipolar,Silexito,Lasca,Inexistente,Sem alteração,,,,Lasca de retoque,,,,,,,,,,,,,,
Ant 14,Barra D’Anta,-,Superfície,-,Lascamento Unipolar,Silexito,Lasca,Inexistente,Sem alteração,,,,Lasca de retoque,,,,,,,,,,,,,,
Ant 14,Barra D’Anta,-,Superfície,-,Lascamento Unipolar,Silexito,Lasca,Inexistente,Sem alteração,,,,Lasca de retoque,,,,,,,,,,,,,,
Ant 14,Barra D’Anta,-,Superfície,-,Lascamento Unipolar,Silexito,Lasca,Inexistente,Sem alteração,,,,Lasca de retoque,,,,,,,,,,,,,,
Ant 14,Barra D’Anta,-,Superfície,-,Lascamento Unipolar,Silexito,Lasca,Inexistente,Sem alteração,,,,Lasca de retoque,,,,,,,,,,,,,,
Ant 14,Barra D’Anta,-,Superfície,-,Indeterminado,Silexito,Detrito,Seixo,Sem alteração,,,,,,,,,,,,,,,,,,
Ant 14,Barra D’Anta,-,Superfície,-,Indeterminado,Silexito,Detrito,Inexistente,Pátina,,,,,,,,,,,,,,,,,,
Ant 14,Barra D’Anta,-,Superfície,-,Indeterminado,Silexito,Detrito,Inexistente,Sem alteração,,,,,,,,,,,,,,,,,,
Ant 14,Barra D’Anta,-,Superfície,-,Indeterminado,Silexito,Detrito,Inexistente,Sem alteração,,,,,,,,,,,,,,,,,,
Ant 14,Barra D’Anta,-,Superfície,-,Lascamento Unipolar,Arenito silicificado,Lasca,Inexistente,Sem alteração,,,,Lasca de retoque,,,,,,,,,,,,,,
Ant 14,Barra D’Anta,-,Superfície,-,Indeterminado,Indeterminado,Detrito,Indeterminado,Sem alteração,,,,,,,,,,,,,,,,,,
Ant 14,Barra D’Anta,-,Superfície,-,Indeterminado,Indeterminado,Detrito,Indeterminado,Sem alteração,,,,,,,,,,,,,,,,,,
Ant 14,Barra D’Anta,-,Superfície,-,Indeterminado,Indeterminado,Detrito,Indeterminado,Sem alteração,,,,,,,,,,,,,,,,,,
Ant 14,Barra D’Anta,-,Superfície,-,Indeterminado,Indeterminado,Detrito,Indeterminado,Sem alteração,,,,,,,,,,,,,,,,,,
Ant 15.1,Barra D’Anta,D3,Superfície,I,Lascamento Unipolar,Silexito,Instrumento,Seixo,Sem alteração,3 a 4 cm,3 a 4 cm,0 a 1 cm,,,,,,,,,,,,Bifacial,Indeterminado,Indeterminado,Lateral
Ant 15.2,Barra D’Anta,D3,Superfície,I,Sem transformação,Quartzito,Natural,Seixo,Sem alteração,3 a 4 cm,3 a 4 cm,2 a 3 cm,,,,,,,,,,,,,,,
Ant 15.3,Barra D’Anta,D3,Superfície,I,Lascamento Unipolar,Indeterminado,Lasca,Inexistente,Sem alteração,4 a 5 cm,3 a 4 cm,1 a 2 cm,Lasca de debitagem,Liso,Sem preparação,Sem formação de lábio,Difuso,3,Ortogonal,Retilíneo,,,,,,,
Ant 15.4,Barra D’Anta,D3,Superfície,I,Lascamento Unipolar,Silexito,Instrumento,Seixo,Sem alteração,4 a 5 cm,3 a 4 cm,1 a 2 cm,,,,,,,,,,,,Unifacial,Lasca unipolar,1,Distal
Ant 15.5,Barra D’Anta,D3,Superfície,I,Lascamento Unipolar,Quartzito,Instrumento,Inexistente,Sem alteração,2 a 3 cm,4 a 5 cm,2 a 3 cm,,,,,,,,,,,,Bifacial,Indeterminado,Indeterminado,Indeterminado
Ant 15.6,Barra D’Anta,D3,Superfície,I,Lascamento Unipolar,Silexito,Lasca,Seixo,Sem alteração,3 a 4 cm,2 a 3 cm,0 a 1 cm,Lasca cortical,Liso,Sem preparação,Sem formação de lábio,Pronunciado,Nenhuma,Sem informação,Helicoidal,,,,,,,
Ant 15.7,Barra D’Anta,D3,Superfície,I,Sem transformação,Quartzito,Natural,Seixo,Sem alteração,3 a 4 cm,2 a 3 cm,1 a 2 cm,,,,,,,,,,,,,,,
Ant 15.8,Barra D’Anta,D3,Superfície,I,Lascamento Unipolar,Basalto,Lasca,Inexistente,Sem alteração,2 a 3 cm,2 a 3 cm,1 a 2 cm,Lasca de debitagem,Liso,Sem preparação,Sem formação de lábio,Difuso,2,Ortogonal,Retilíneo,,,,,,,
Ant 15.9,Barra D’Anta,D3,Superfície,I,Lascamento Unipolar,Silexito,Lasca,Seixo,Sem alteração,1 a 2 cm,3 a 4 cm,1 a 2 cm,Lasca cortical,Indeterminado,Indeterminado,Indeterminado,Indeterminado,Nenhuma,Sem informação,Retilíneo,,,,,,,
Ant 15.10,Barra D’Anta,D3,Superfície,I,Lascamento Unipolar,Silexito,Lasca,Seixo,Sem alteração,2 a 3 cm,2 a 3 cm,1 a 2 cm,Lasca de debitagem,Cortical,Sem preparação,Sem formação de lábio,Pronunciado,4 ou +,Ortogonal,Helicoidal,,,,,,,
Ant 15.11,Barra D’Anta,D3,Superfície,I,Lascamento Unipolar,Silexito,Lasca,Inexistente,Sem alteração,2 a 3 cm,2 a 3 cm,0 a 1 cm,Lasca de debitagem,Liso,Sem preparação,Com formação de lábio,Difuso,4 ou +,Paralela,Helicoidal,,,,,,,
Ant 15.12,Barra D’Anta,D3,Superfície,I,Sem transformação,Silexito,Natural,Seixo,Sem alteração,2 a 3 cm,2 a 3 cm,1 a 2 cm,,,,,,,,,,,,,,,
Ant 15,Barra D’Anta,-,Superfície,-,Lascamento Unipolar,Silexito,Lasca,Seixo,Sem alteração,,,,Lasca de retoque,,,,,,,,,,,,,,
Ant 15,Barra D’Anta,-,Superfície,-,Lascamento Unipolar,Silexito,Lasca,Seixo,Sem alteração,,,,Lasca de retoque,,,,,,,,,,,,,,
Ant 15,Barra D’Anta,-,Superfície,-,Lascamento Unipolar,Silexito,Lasca,Seixo,Sem alteração,,,,Lasca de retoque,,,,,,,,,,,,,,
Ant 15,Barra D’Anta,-,Superfície,-,Lascamento Unipolar,Silexito,Lasca,Seixo,Sem alteração,,,,Lasca de retoque,,,,,,,,,,,,,,
Ant 15,Barra D’Anta,-,Superfície,-,Lascamento Unipolar,Silexito,Lasca,Seixo,Sem alteração,,,,Lasca de retoque,,,,,,,,,,,,,,
Ant 15,Barra D’Anta,-,Superfície,-,Lascamento Unipolar,Silexito,Lasca,Inexistente,Sem alteração,,,,Lasca de retoque,,,,,,,,,,,,,,
Ant 15,Barra D’Anta,-,Superfície,-,Lascamento Unipolar,Silexito,Lasca,Inexistente,Sem alteração,,,,Lasca de retoque,,,,,,,,,,,,,,
Ant 15,Barra D’Anta,-,Superfície,-,Lascamento Unipolar,Silexito,Lasca,Inexistente,Sem alteração,,,,Lasca de retoque,,,,,,,,,,,,,,
Ant 15,Barra D’Anta,-,Superfície,-,Lascamento Unipolar,Silexito,Lasca,Inexistente,Sem alteração,,,,Lasca de retoque,,,,,,,,,,,,,,
Ant 15,Barra D’Anta,-,Superfície,-,Lascamento Unipolar,Silexito,Lasca,Inexistente,Sem alteração,,,,Lasca de retoque,,,,,,,,,,,,,,
Ant 15,Barra D’Anta,-,Superfície,-,Lascamento Unipolar,Silexito,Lasca,Inexistente,Sem alteração,,,,Lasca de retoque,,,,,,,,,,,,,,
Ant 15,Barra D’Anta,-,Superfície,-,Lascamento Unipolar,Silexito,Lasca,Inexistente,Sem alteração,,,,Lasca de retoque,,,,,,,,,,,,,,
Ant 15,Barra D’Anta,-,Superfície,-,Indeterminado,Silexito,Detrito,Seixo,Sem alteração,,,,,,,,,,,,,,,,,,
Ant 15,Barra D’Anta,-,Superfície,-,Sem transformação,Silexito,Natural,Seixo,Pátina,,,,,,,,,,,,,,,,,,
Ant 15,Barra D’Anta,-,Superfície,-,Sem transformação,Silexito,Natural,Seixo,Pátina,,,,,,,,,,,,,,,,,,
Ant 15,Barra D’Anta,-,Superfície,-,Lascamento Unipolar,Quartzo hialino,Lasca,Inexistente,Sem alteração,,,,Lasca de retoque,,,,,,,,,,,,,,
Ant 15,Barra D’Anta,-,Superfície,-,Indeterminado,Arenito silicificado,Detrito,Seixo,Sem alteração,,,,,,,,,,,,,,,,,,
Ant 15,Barra D’Anta,-,Superfície,-,Sem transformação,Quartzito,Natural,Seixo,Sem alteração,,,,,,,,,,,,,,,,,,
Ant 15,Barra D’Anta,-,Superfície,-,Indeterminado,Indeterminado,Detrito,Indeterminado,Sem alteração,,,,,,,,,,,,,,,,,,
Ant 15,Barra D’Anta,-,Superfície,-,Indeterminado,Indeterminado,Detrito,Indeterminado,Sem alteração,,,,,,,,,,,,,,,,,,
Ant 15,Barra D’Anta,-,Superfície,-,Indeterminado,Indeterminado,Detrito,Indeterminado,Sem alteração,,,,,,,,,,,,,,,,,,
Ant 16.1,Barra D’Anta,D4,Superfície,I,Lascamento Unipolar,Silexito,Instrumento,Seixo,Sem alteração,5 a 6 cm,3 a 4 cm,2 a 3 cm,,,,,,,,,,,,Instrumento de ocasião,Lasca unipolar,Indeterminado,Indeterminado
Ant 16.2,Barra D’Anta,D4,Superfície,I,Lascamento Unipolar,Silexito,Instrumento,Inexistente,Sem alteração,4 a 5 cm,3 a 4 cm,1 a 2 cm,,,,,,,,,,,,Bifacial,Indeterminado,Indeterminado,Indeterminado
Ant 16.3,Barra D’Anta,D4,Superfície,I,Lascamento Unipolar,Silexito,Lasca,Seixo,Sem alteração,3 a 4 cm,2 a 3 cm,0 a 1 cm,Lasca de debitagem,Liso,Sem preparação,Sem formação de lábio,Difuso,2,Paralela,Helicoidal,,,,,,,
Ant 16.4,Barra D’Anta,D4,Superfície,I,Lascamento Unipolar,Silexito,Lasca,Inexistente,Sem alteração,2 a 3 cm,3 a 4 cm,0 a 1 cm,Lasca de formatação,Facetado,Sem preparação,Com formação de lábio,Pronunciado,4 ou +,Paralela,Retilíneo,,,,,,,
Ant 16.5,Barra D’Anta,D4,Superfície,I,Indeterminado,Silexito,Detrito,Seixo,Sem alteração,3 a 4 cm,1 a 2 cm,0 a 1 cm,,,,,,,,,,,,,,,
Ant 16.6,Barra D’Anta,D4,Superfície,I,Indeterminado,Silexito,Detrito,Seixo,Sem alteração,2 a 3 cm,2 a 3 cm,1 a 2 cm,,,,,,,,,,,,,,,
Ant 16,Barra D’Anta,-,Superfície,-,Lascamento Unipolar,Silexito,Lasca,Seixo,Sem alteração,,,,Lasca de retoque,,,,,,,,,,,,,,
Ant 16,Barra D’Anta,-,Superfície,-,Lascamento Unipolar,Silexito,Lasca,Inexistente,Sem alteração,,,,Lasca de retoque,,,,,,,,,,,,,,
Ant 16,Barra D’Anta,-,Superfície,-,Lascamento Unipolar,Silexito,Lasca,Inexistente,Sem alteração,,,,Lasca de retoque,,,,,,,,,,,,,,
Ant 16,Barra D’Anta,-,Superfície,-,Lascamento Unipolar,Silexito,Lasca,Inexistente,Sem alteração,,,,Lasca de retoque,,,,,,,,,,,,,,
Ant 16,Barra D’Anta,-,Superfície,-,Lascamento Unipolar,Silexito,Lasca,Inexistente,Sem alteração,,,,Lasca de retoque,,,,,,,,,,,,,,
Ant 16,Barra D’Anta,-,Superfície,-,Lascamento Unipolar,Silexito,Lasca,Inexistente,Sem alteração,,,,Lasca de retoque,,,,,,,,,,,,,,
Ant 16,Barra D’Anta,-,Superfície,-,Lascamento Unipolar,Silexito,Lasca,Inexistente,Sem alteração,,,,Lasca de retoque,,,,,,,,,,,,,,
Ant 16,Barra D’Anta,-,Superfície,-,Lascamento Unipolar,Silexito,Lasca,Inexistente,Sem alteração,,,,Lasca de retoque,,,,,,,,,,,,,,
Ant 16,Barra D’Anta,-,Superfície,-,Lascamento Unipolar,Silexito,Lasca,Inexistente,Sem alteração,,,,Lasca de retoque,,,,,,,,,,,,,,
Ant 16,Barra D’Anta,-,Superfície,-,Lascamento Unipolar,Silexito,Lasca,Inexistente,Sem alteração,,,,Lasca de retoque,,,,,,,,,,,,,,
Ant 16,Barra D’Anta,-,Superfície,-,Sem transformação,Silexito,Natural,Seixo,Pátina,,,,,,,,,,,,,,,,,,
Ant 16,Barra D’Anta,-,Superfície,-,Sem transformação,Silexito,Natural,Seixo,Pátina,,,,,,,,,,,,,,,,,,
Ant 16,Barra D’Anta,-,Superfície,-,Sem transformação,Silexito,Natural,Seixo,Pátina,,,,,,,,,,,,,,,,,,
Ant 16,Barra D’Anta,-,Superfície,-,Indeterminado,Quartzo leitoso,Detrito,Inexistente,Sem alteração,,,,,,,,,,,,,,,,,,
Ant 17,Barra D’Anta,D4,Superfície,-,Sem transformação,Indeterminado,Natural,Bloco,Sem alteração,19 a 20 cm,10 a 11 cm,4 a 5 cm,,,,,,,,,,,,,,,
Ant 18.1,Barra D’Anta,D4,Superfície,-,Lascamento Unipolar,Basalto,Instrumento,Seixo,Sem alteração,22 a 23 cm,5 a 6 cm,4 a 5 cm,,,,,,,,,,,,Bifacial,Seixo,Indeterminado,Indeterminado
Ant 18.2,Barra D’Anta,D4,Superfície,-,Lascamento Unipolar,Arenito silicificado,Lasca,Seixo,Sem alteração,3 a 4 cm,4 a 5 cm,1 a 2 cm,Lasca de debitagem,Cortical,Sem preparação,Sem formação de lábio,Pronunciado,1,Uma cicatriz apenas,Retilíneo,,,,,,,
Ant 18.3,Barra D’Anta,D4,Superfície,-,Lascamento Unipolar,Silexito,Lasca,Inexistente,Sem alteração,1 a 2 cm,2 a 3 cm,0 a 1 cm,Lasca de debitagem,Liso,Sem preparação,Com formação de lábio,Difuso,4 ou +,Ortogonal,Retilíneo,,,,,,,
