NP,Sítio,Técnica de transformação,Matéria-prima,Classe artefatual,Estado de preservação,Quantidade de córtex,Tipo de córtex,Alterações da superfície,Comprimento,Largura,Espessura,Tipo de lascas,Talão,Preparação no talão,Canto ventral do plano de percussão direto,Forma do bulbo,Número de cicatrizes,Direção das cicatrizes,Perfil,Terminação,Tipo de núcleo,Tipo de plataforma de percussão,Preparação,Tipo de instrumento,Base de modificação primária,Quantidade de gumes,Sentido de utilização da lasca,Reavivagem,Tipo de modificação,Extensão,Posição,Morfologia,Delineamento,Ângulo,Localização,Repartição,Padrão de ocorrência
1,Rio Plate III,Lascamento unipolar,Silexito,Lasca,Só mesial,Menor ou Igual a 1/2,Seixo,Sem alteração,3 a 4 cm,1 a 2 cm,0 a 1 cm,Lasca cortical,Indeterminado,Sem preparação,Sem formação de lábio,Indeterminado,1,Uma cicatriz apenas,Retilíneo,Indeterminado,,,,,,,,,,,,,,,,,
2,Rio Plate III,Lascamento unipolar,Silexito,Lasca,Completo,Menor ou Igual a 1/2,Seixo,Sem alteração,3 a 4 cm,2 a 3 cm,0 a 1 cm,Lasca cortical,Cortical,Sem preparação,Sem formação de lábio,Bulbo pronunciado,1,Uma cicatriz apenas,Curvo,Afilado,,,,,,,,,,,,,,,,,
3,Rio Plate III,Lascamento unipolar,Silexito,Lasca,Completo,Menor ou Igual a 1/2,Seixo,Sem alteração,2 a 3 cm,2 a 3 cm,0 a 1 cm,Lasca cortical,Indeterminado,Sem preparação,Sem formação de lábio,Bulbo pronunciado,1,Uma cicatriz apenas,Curvo,Afilado,,,,,,,,,,,,,,,,,
4,Rio Plate III,Lascamento unipolar,Silexito,Lasca,Mesial/Distal,Menor ou Igual a 1/2,Seixo,Queima/Alteração de cor,3 a 4 cm,1 a 2 cm,0 a 1 cm,Lasca cortical,Indeterminado,Sem preparação,Sem formação de lábio,Indeterminado,1,Uma cicatriz apenas,Retilíneo,Afilado,,,,,,,,,,,,,,,,,
5,Rio Plate III,Lascamento unipolar,Quartzito,Lasca,Mesial/Distal,Menor ou Igual a 3/4,Seixo,Sem alteração,3 a 4 cm,3 a 4 cm,1 a 2 cm,Lasca cortical,Indeterminado,Sem preparação,Sem formação de lábio,Indeterminado,Nenhuma,Sem informação,Retilíneo,Afilado,,,,,,,,,,,,,,,,,
6,Rio Plate III,Lascamento unipolar,Silexito,Lasca,Completo,Menor ou Igual a 1/2,Seixo,Sem alteração,2 a 3 cm,1 a 2 cm,0 a 1 cm,Lasca cortical,Cortical,Sem preparação,Sem formação de lábio,Bulbo difuso,2,Opostas,Curvo,Afilado,,,,,,,,,,,,,,,,,
7,Rio Plate III,Lascamento unipolar,Silexito,Lasca,Completo,Menor ou Igual a 3/4,Seixo,Sem alteração,2 a 3 cm,2 a 3 cm,1 a 2 cm,Lasca cortical,Liso,Sem preparação,Sem formação de lábio,Bulbo pronunciado,1,Uma cicatriz apenas,Retilíneo,Afilado,,,,,,,,,,,,,,,,,
8,Rio Plate III,Lascamento unipolar,Silexito,Lasca,Completo,Menor ou Igual a 3/4,Seixo,Sem alteração,2 a 3 cm,2 a 3 cm,0 a 1 cm,Lasca cortical,Cortical,Sem preparação,Sem formação de lábio,Bulbo difuso,Nenhuma,Sem informação,Retilíneo,Afilado,,,,,,,,,,,,,,,,,
9,Rio Plate III,Lascamento unipolar,Silexito,Lasca,Completo,Menor ou Igual a 1/2,Seixo,Sem alteração,4 a 5 cm,2 a 3 cm,0 a 1 cm,Lasca cortical,Cortical,Sem preparação,Sem formação de lábio,Bulbo difuso,1,Uma cicatriz apenas,Retilíneo,Afilado,,,,,,,,,,,,,,,,,
10,Rio Plate III,Lascamento unipolar,Silexito,Lasca,Completo,Menor ou Igual a 1/2,Seixo,Sem alteração,2 a 3 cm,2 a 3 cm,0 a 1 cm,Lasca cortical,Retirado,Sem preparação,Sem formação de lábio,Bulbo pronunciado,Nenhuma,Sem informação,Retilíneo,Afilado,,,,,,,,,,,,,,,,,
11,Rio Plate III,Lascamento unipolar,Silexito,Lasca,Proximal/Mesial,Menor ou Igual a 1/2,Seixo,Sem alteração,1 a 2 cm,3 a 4 cm,0 a 1 cm,Lasca cortical,Cortical,Sem preparação,Sem formação de lábio,Bulbo difuso,2,Ortogonais,Retilíneo,Indeterminado,,,,,,,,,,,,,,,,,
12,Rio Plate III,Lascamento unipolar,Silexito,Lasca,Completo,Menor ou Igual a 1/2,Seixo,Sem alteração,2 a 3 cm,2 a 3 cm,0 a 1 cm,Lasca cortical,Cortical,Sem preparação,Sem formação de lábio,Bulbo pronunciado,Nenhuma,Sem informação,Retilíneo,Afilado,,,,,,,,,,,,,,,,,
13,Rio Plate III,Lascamento unipolar,Silexito,Lasca,Completo,Menor ou Igual a 1/2,Seixo,Sem alteração,1 a 2 cm,2 a 3 cm,0 a 1 cm,Lasca cortical,Cortical,Sem preparação,Sem formação de lábio,Bulbo difuso,Nenhuma,Sem informação,Retilíneo,Afilado,,,,,,,,,,,,,,,,,
14,Rio Plate III,Lascamento unipolar,Silexito,Lasca,Completo,Menor ou Igual a 1/2,Seixo,Sem alteração,1 a 2 cm,2 a 3 cm,0 a 1 cm,Lasca cortical,Cortical,Sem preparação,Sem formação de lábio,Indeterminado,1,Uma cicatriz apenas,Retilíneo,Afilado,,,,,,,,,,,,,,,,,
15,Rio Plate III,Lascamento unipolar,Silexito,Lasca,Completo,Menor ou Igual a 1/2,Seixo,Sem alteração,2 a 3 cm,3 a 4 cm,0 a 1 cm,Lasca cortical,Cortical,Sem preparação,Sem formação de lábio,Bulbo pronunciado,Nenhuma,Sem informação,Retilíneo,Afilado,,,,,,,,,,,,,,,,,
16,Rio Plate III,Lascamento unipolar,Silexito,Lasca,Mesial/Distal,Menor ou Igual a 1/2,Seixo,Queima/Alteração de cor,2 a 3 cm,1 a 2 cm,0 a 1 cm,Lasca cortical,Indeterminado,Sem preparação,Sem formação de lábio,Indeterminado,1,Uma cicatriz apenas,Retilíneo,Afilado,,,,,,,,,,,,,,,,,
17,Rio Plate III,Lascamento unipolar,Silexito,Lasca,Só mesial,Menor ou Igual a 1/2,Seixo,Sem alteração,1 a 2 cm,2 a 3 cm,0 a 1 cm,Lasca cortical,Indeterminado,Sem preparação,Sem formação de lábio,Indeterminado,Nenhuma,Sem informação,Retilíneo,Indeterminado,,,,,,,,,,,,,,,,,
18,Rio Plate III,Lascamento unipolar,Silexito,Lasca,Só mesial,Menor ou Igual a 1/2,Seixo,Sem alteração,2 a 3 cm,2 a 3 cm,0 a 1 cm,Lasca cortical,Indeterminado,Sem preparação,Sem formação de lábio,Indeterminado,Nenhuma,Sem informação,Retilíneo,Indeterminado,,,,,,,,,,,,,,,,,
19,Rio Plate III,Lascamento unipolar,Silexito,Lasca,Só mesial,Menor ou Igual a 1/2,Seixo,Queima/Alteração de cor,1 a 2 cm,1 a 2 cm,0 a 1 cm,Lasca cortical,Indeterminado,Sem preparação,Sem formação de lábio,Indeterminado,1,Uma cicatriz apenas,Retilíneo,Indeterminado,,,,,,,,,,,,,,,,,
20,Rio Plate III,Lascamento unipolar,Quartzito,Lasca,Só mesial,Menor ou Igual a 1/2,Seixo,Sem alteração,3 a 4 cm,5 a 6 cm,2 a 3 cm,Lasca cortical,Indeterminado,Sem preparação,Sem formação de lábio,Indeterminado,Nenhuma,Sem informação,Retilíneo,Indeterminado,,,,,,,,,,,,,,,,,
21,Rio Plate III,Lascamento unipolar,Silexito,Lasca,Completo,Menor ou Igual a 1/4,Seixo,Sem alteração,1 a 2 cm,2 a 3 cm,0 a 1 cm,Lasca cortical,Liso,Sem preparação,Sem formação de lábio,Bulbo pronunciado,1,Uma cicatriz apenas,Retilíneo,Afilado,,,,,,,,,,,,,,,,,
22,Rio Plate III,Lascamento unipolar,Silexito,Lasca,Completo,Menor ou Igual a 1/4,Seixo,Sem alteração,1 a 2 cm,1 a 2 cm,0 a 1 cm,Lasca de debitagem,Liso,Sem preparação,Sem formação de lábio,Bulbo difuso,3,Ortogonais,Retilíneo,Afilado,,,,,,,,,,,,,,,,,
23,Rio Plate III,Lascamento unipolar,Silexito,Lasca,Completo,Menor ou Igual a 1/2,Seixo,Sem alteração,3 a 4 cm,3 a 4 cm,0 a 1 cm,Lasca cortical,Cortical,Sem preparação,Sem formação de lábio,Bulbo pronunciado,Nenhuma,Sem informação,Retilíneo,Afilado,,,,,,,,,,,,,,,,,
24,Rio Plate III,Lascamento unipolar,Silexito,Lasca,Completo,Menor ou Igual a 1/2,Seixo,Sem alteração,3 a 4 cm,3 a 4 cm,0 a 1 cm,Lasca cortical,Liso,Sem preparação,Sem formação de lábio,Bulbo pronunciado,Nenhuma,Sem informação,Retilíneo,Afilado,,,,,,,,,,,,,,,,,
25,Rio Plate III,Lascamento unipolar,Silexito,Lasca,Completo,Menor ou Igual a 1/2,Seixo,Sem alteração,1 a 2 cm,2 a 3 cm,0 a 1 cm,Lasca cortical,Liso,Sem preparação,Sem formação de lábio,Bulbo difuso,1,Uma cicatriz apenas,Retilíneo,Afilado,,,,,,,,,,,,,,,,,
26,Rio Plate III,Lascamento unipolar,Silexito,Lasca,Completo,Menor ou Igual a 1/2,Seixo,Sem alteração,2 a 3 cm,2 a 3 cm,0 a 1 cm,Lasca cortical,Cortical,Sem preparação,Sem formação de lábio,Bulbo pronunciado,Nenhuma,Sem informação,Retilíneo,Afilado,,,,,,,,,,,,,,,,,
27,Rio Plate III,Lascamento unipolar,Silexito,Lasca,Só distal,Menor ou Igual a 1/2,Seixo,Sem alteração,1 a 2 cm,2 a 3 cm,0 a 1 cm,Lasca cortical,Indeterminado,Indeterminado,Indeterminado,Indeterminado,1,Uma cicatriz apenas,Retilíneo,Afilado,,,,,,,,,,,,,,,,,
28,Rio Plate III,Lascamento unipolar,Silexito,Lasca,Só distal,Menor ou Igual a 1/2,Seixo,Sem alteração,1 a 2 cm,2 a 3 cm,0 a 1 cm,Lasca cortical,Indeterminado,Indeterminado,Indeterminado,Indeterminado,Nenhuma,Sem informação,Retilíneo,Afilado,,,,,,,,,,,,,,,,,
29,Rio Plate III,Lascamento unipolar,Silexito,Lasca,Só mesial,Menor ou Igual a 1/2,Seixo,Sem alteração,2 a 3 cm,2 a 3 cm,0 a 1 cm,Lasca cortical,Indeterminado,Indeterminado,Indeterminado,Indeterminado,2,Paralelas,Retilíneo,Indeterminado,,,,,,,,,,,,,,,,,
30,Rio Plate III,Lascamento unipolar,Silexito,Lasca,Só mesial,Menor ou Igual a 1/2,Seixo,Sem alteração,1 a 2 cm,2 a 3 cm,0 a 1 cm,Lasca cortical,Indeterminado,Indeterminado,Indeterminado,Indeterminado,Nenhuma,Sem informação,Retilíneo,Indeterminado,,,,,,,,,,,,,,,,,
31,Rio Plate III,Lascamento unipolar,Silexito,Lasca,Completo,Menor ou Igual a 1/2,Seixo,Sem alteração,1 a 2 cm,1 a 2 cm,0 a 1 cm,Lasca de formatação,Cortical,Sem preparação,Sem formação de lábio,Bulbo pronunciado,3,Ortogonais,Curvo,Afilado,,,,,,,,,,,,,,,,,
32,Rio Plate III,Lascamento unipolar,Silexito,Lasca,Completo,Menor ou Igual a 1/2,Seixo,Sem alteração,2 a 3 cm,3 a 4 cm,0 a 1 cm,Lasca cortical,Cortical,Sem preparação,Sem formação de lábio,Bulbo pronunciado,1,Uma cicatriz apenas,Retilíneo,Afilado,,,,,,,,,,,,,,,,,
33,Rio Plate III,Lascamento unipolar,Silexito,Lasca,Completo,Menor ou Igual a 1/2,Seixo,Sem alteração,1 a 2 cm,2 a 3 cm,0 a 1 cm,Lasca cortical,Cortical,Sem preparação,Sem formação de lábio,Bulbo difuso,Nenhuma,Sem informação,Curvo,Afilado,,,,,,,,,,,,,,,,,
34,Rio Plate III,Lascamento unipolar,Silexito,Lasca,Proximal/Mesial,Menor ou Igual a 1/2,Seixo,Sem alteração,1 a 2 cm,2 a 3 cm,0 a 1 cm,Lasca cortical,Cortical,Sem preparação,Sem formação de lábio,Bulbo pronunciado,1,Uma cicatriz apenas,Retilíneo,Indeterminado,,,,,,,,,,,,,,,,,
35,Rio Plate III,Lascamento unipolar,Silexito,Lasca,Proximal/Mesial,Menor ou Igual a 3/4,Seixo,Sem alteração,3 a 4 cm,2 a 3 cm,1 a 2 cm,Lasca cortical,Liso,Sem preparação,Sem formação de lábio,Bulbo pronunciado,Nenhuma,Sem informação,Curvo,Indeterminado,,,,,,,,,,,,,,,,,
36,Rio Plate III,Lascamento unipolar,Silexito,Lasca,Mesial/Distal,Menor ou Igual a 1/4,Seixo,Sem alteração,1 a 2 cm,2 a 3 cm,0 a 1 cm,Indeterminado,Indeterminado,Sem preparação,Indeterminado,Indeterminado,1,Uma cicatriz apenas,Indeterminado,Indeterminado,,,,,,,,,,,,,,,,,
37,Rio Plate III,Lascamento unipolar,Silexito,Lasca,Só distal,Menor ou Igual a 1/2,Seixo,Sem alteração,1 a 2 cm,2 a 3 cm,0 a 1 cm,Lasca cortical,Indeterminado,Sem preparação,Indeterminado,Indeterminado,Nenhuma,Sem informação,Indeterminado,Indeterminado,,,,,,,,,,,,,,,,,
38,Rio Plate III,Lascamento unipolar,Silexito,Lasca,Só distal,Menor ou Igual a 1/2,Seixo,Sem alteração,2 a 3 cm,3 a 4 cm,1 a 2 cm,Lasca cortical,Indeterminado,Sem preparação,Indeterminado,Indeterminado,1,Uma cicatriz apenas,Indeterminado,Indeterminado,,,,,,,,,,,,,,,,,
39,Rio Plate III,Lascamento unipolar,Silexito,Lasca,Só mesial,Menor ou Igual a 1/2,Seixo,Sem alteração,1 a 2 cm,1 a 2 cm,0 a 1 cm,Indeterminado,Indeterminado,Sem preparação,Indeterminado,Indeterminado,1,Uma cicatriz apenas,Indeterminado,Indeterminado,,,,,,,,,,,,,,,,,
40,Rio Plate III,Lascamento unipolar,Silexito,Lasca,Só distal,Menor ou Igual a 1/2,Seixo,Sem alteração,2 a 3 cm,2 a 3 cm,1 a 2 cm,Indeterminado,Indeterminado,Sem preparação,Indeterminado,Indeterminado,1,Uma cicatriz apenas,Indeterminado,Indeterminado,,,,,,,,,,,,,,,,,
41,Rio Plate III,Lascamento unipolar,Silexito,Lasca,Proximal/Mesial,Menor ou Igual a 1/2,Seixo,Sem alteração,3 a 4 cm,2 a 3 cm,1 a 2 cm,Lasca cortical,Cortical,Sem preparação,Sem formação de lábio,Bulbo pronunciado,1,Uma cicatriz apenas,Curvo,Indeterminado,,,,,,,,,,,,,,,,,
42,Rio Plate III,Lascamento unipolar,Silexito,Lasca,Completo,Menor ou Igual a 1/4,Seixo,Sem alteração,5 a 6 cm,3 a 4 cm,1 a 2 cm,Lasca de debitagem,Cortical,Sem preparação,Sem formação de lábio,Bulbo pronunciado,2,Ortogonais,Retilíneo,Afilado,,,,,,,,,,,,,,,,,
43,Rio Plate III,Lascamento unipolar,Silexito,Lasca,Completo,Menor ou Igual a 1/2,Seixo,Sem alteração,3 a 4 cm,3 a 4 cm,1 a 2 cm,Lasca cortical,Cortical,Sem preparação,Sem formação de lábio,Bulbo pronunciado,2,Ortogonais,Retilíneo,Afilado,,,,,,,,,,,,,,,,,
44,Rio Plate III,Lascamento unipolar,Silexito,Lasca,Completo,Menor ou Igual a 1/2,Seixo,Sem alteração,2 a 3 cm,2 a 3 cm,0 a 1 cm,Lasca cortical,Liso,Sem preparação,Sem formação de lábio,Bulbo pronunciado,Nenhuma,Sem informação,Curvo,Afilado,,,,,,,,,,,,,,,,,
45,Rio Plate III,Lascamento unipolar,Silexito,Lasca,Completo,Menor ou Igual a 1/4,Seixo,Sem alteração,2 a 3 cm,2 a 3 cm,0 a 1 cm,Lasca cortical,Liso,Sem preparação,Sem formação de lábio,Bulbo pronunciado,1,Uma cicatriz apenas,Retilíneo,Afilado,,,,,,,,,,,,,,,,,
46,Rio Plate III,Lascamento unipolar,Silexito,Lasca,Completo,Menor ou Igual a 1/2,Seixo,Sem alteração,2 a 3 cm,2 a 3 cm,1 a 2 cm,Lasca cortical,Cortical,Sem preparação,Sem formação de lábio,Bulbo pronunciado,Nenhuma,Sem informação,Retilíneo,Afilado,,,,,,,,,,,,,,,,,
47,Rio Plate III,Lascamento unipolar,Silexito,Lasca,Completo,Menor ou Igual a 1/2,Seixo,Sem alteração,3 a 4 cm,2 a 3 cm,1 a 2 cm,Lasca cortical,Cortical,Sem preparação,Sem formação de lábio,Bulbo difuso,Nenhuma,Sem informação,Retilíneo,Afilado,,,,,,,,,,,,,,,,,
48,Rio Plate III,Lascamento unipolar,Silexito,Lasca,Só mesial,Menor ou Igual a 1/2,Seixo,Sem alteração,2 a 3 cm,2 a 3 cm,0 a 1 cm,Indeterminado,Indeterminado,Indeterminado,Indeterminado,Indeterminado,2,Ortogonais,Retilíneo,Indeterminado,,,,,,,,,,,,,,,,,
49,Rio Plate III,Lascamento unipolar,Quartzo Leitoso,Lasca,Só distal,Sem córtex,Inexistente,Sem alteração,2 a 3 cm,2 a 3 cm,0 a 1 cm,Indeterminado,Indeterminado,Indeterminado,Indeterminado,Indeterminado,1,Uma cicatriz apenas,Retilíneo,Afilado,,,,,,,,,,,,,,,,,
50,Rio Plate III,Lascamento unipolar,Silexito,Lasca,Mesial/Distal,Menor ou Igual a 1/2,Seixo,Sem alteração,2 a 3 cm,3 a 4 cm,0 a 1 cm,Lasca cortical,Indeterminado,Indeterminado,Indeterminado,Indeterminado,1,Uma cicatriz apenas,Retilíneo,Afilado,,,,,,,,,,,,,,,,,
51,Rio Plate III,Lascamento unipolar,Silexito,Lasca,Completo,Menor ou Igual a 1/2,Seixo,Sem alteração,2 a 3 cm,3 a 4 cm,1 a 2 cm,Lasca cortical,Retirado,Sem preparação,Sem formação de lábio,Indeterminado,Nenhuma,Sem informação,Retilíneo,Afilado,,,,,,,,,,,,,,,,,
52,Rio Plate III,Lascamento unipolar,Silexito,Lasca,Completo,Menor ou Igual a 1/4,Seixo,Sem alteração,4 a 5 cm,4 a 5 cm,1 a 2 cm,Lasca de debitagem,Liso,Sem preparação,Sem formação de lábio,Bulbo pronunciado,2,Ortogonais,Retilíneo,Afilado,,,,,,,,,,,,,,,,,
53,Rio Plate III,Lascamento unipolar,Silexito,Lasca,Proximal/Distal (Fratura Longitudinal),Menor ou Igual a 1/4,Seixo,Sem alteração,4 a 5 cm,4 a 5 cm,1 a 2 cm,Lasca de debitagem,Liso,Sem preparação,Sem formação de lábio,Bulbo pronunciado,3,Paralelas,Curvo,Afilado,,,,,,,,,,,,,,,,,
54,Rio Plate III,Lascamento unipolar,Silexito,Lasca,Completo,Menor ou Igual a 1/2,Seixo,Sem alteração,5 a 6 cm,2 a 3 cm,1 a 2 cm,Lasca cortical,Cortical,Sem preparação,Sem formação de lábio,Bulbo difuso,1,Uma cicatriz apenas,Retilíneo,Afilado,,,,,,,,,,,,,,,,,
55,Rio Plate III,Lascamento unipolar,Silexito,Lasca,Completo,Menor ou Igual a 1/2,Seixo,Sem alteração,2 a 3 cm,2 a 3 cm,0 a 1 cm,Lasca cortical,Liso,Sem preparação,Com formação de lábio,Bulbo pronunciado,Nenhuma,Sem informação,Curvo,Afilado,,,,,,,,,,,,,,,,,
56,Rio Plate III,Lascamento unipolar,Silexito,Lasca,Completo,Menor ou Igual a 1/2,Seixo,Sem alteração,3 a 4 cm,2 a 3 cm,0 a 1 cm,Lasca cortical,Cortical,Sem preparação,Sem formação de lábio,Bulbo difuso,1,Uma cicatriz apenas,Curvo,Afilado,,,,,,,,,,,,,,,,,
57,Rio Plate III,Lascamento unipolar,Silexito,Lasca,Completo,Menor ou Igual a 3/4,Seixo,Sem alteração,2 a 3 cm,2 a 3 cm,0 a 1 cm,Lasca cortical,Retirado,Sem preparação,Sem formação de lábio,Indeterminado,Nenhuma,Sem informação,Retilíneo,Afilado,,,,,,,,,,,,,,,,,
58,Rio Plate III,Lascamento unipolar,Silexito,Lasca,Completo,Menor ou Igual a 1/4,Seixo,Sem alteração,2 a 3 cm,2 a 3 cm,1 a 2 cm,Lasca de formatação,Cortical,Sem preparação,Sem formação de lábio,Bulbo pronunciado,4 ou +,Paralelas,Retilíneo,Afilado,,,,,,,,,,,,,,,,,
59,Rio Plate III,Lascamento unipolar,Quartzito,Lasca,Mesial/Distal,Menor ou Igual a 3/4,Seixo,Sem alteração,4 a 5 cm,2 a 3 cm,2 a 3 cm,Indeterminado,Indeterminado,Indeterminado,Sem formação de lábio,Indeterminado,Nenhuma,Sem informação,Retilíneo,Afilado,,,,,,,,,,,,,,,,,
60,Rio Plate III,Lascamento unipolar,Quartzito,Lasca,Proximal/Mesial,Menor ou Igual a 1/2,Seixo,Sem alteração,2 a 3 cm,2 a 3 cm,0 a 1 cm,Lasca cortical,Cortical,Sem preparação,Sem formação de lábio,Bulbo difuso,Nenhuma,Sem informação,Retilíneo,Indeterminado,,,,,,,,,,,,,,,,,
61,Rio Plate III,Lascamento unipolar,Silexito,Lasca,Proximal/Mesial,Menor ou Igual a 1/2,Seixo,Sem alteração,3 a 4 cm,2 a 3 cm,1 a 2 cm,Lasca cortical,Cortical,Sem preparação,Sem formação de lábio,Bulbo difuso,Nenhuma,Sem informação,Retilíneo,Indeterminado,,,,,,,,,,,,,,,,,
62,Rio Plate III,Lascamento unipolar,Silexito,Lasca,Completo,Menor ou Igual a 1/2,Seixo,Sem alteração,3 a 4 cm,3 a 4 cm,1 a 2 cm,Lasca cortical,Cortical,Sem preparação,Sem formação de lábio,Bulbo pronunciado,Nenhuma,Sem informação,Retilíneo,Afilado,,,,,,,,,,,,,,,,,
63,Rio Plate III,Lascamento unipolar,Silexito,Lasca,Proximal/Mesial,Menor ou Igual a 1/4,Seixo,Sem alteração,3 a 4 cm,5 a 6 cm,1 a 2 cm,Lasca cortical,Liso,Sem preparação,Sem formação de lábio,Bulbo pronunciado,1,Uma cicatriz apenas,Retilíneo,Indeterminado,,,,,,,,,,,,,,,,,
64,Rio Plate III,Lascamento unipolar,Silexito,Lasca,Completo,Menor ou Igual a 1/4,Seixo,Queima/Alteração de cor,2 a 3 cm,3 a 4 cm,1 a 2 cm,Lasca cortical,Cortical,Sem preparação,Sem formação de lábio,Bulbo pronunciado,1,Uma cicatriz apenas,Retilíneo,Afilado,,,,,,,,,,,,,,,,,
65,Rio Plate III,Lascamento unipolar,Silexito,Lasca,Completo,Menor ou Igual a 1/2,Seixo,Sem alteração,2 a 3 cm,2 a 3 cm,1 a 2 cm,Lasca cortical,Cortical,Com preparação,Sem formação de lábio,Bulbo pronunciado,1,Uma cicatriz apenas,Retilíneo,Afilado,,,,,,,,,,,,,,,,,
66,Rio Plate III,Lascamento unipolar,Silexito,Lasca,Completo,Menor ou Igual a 1/2,Seixo,Sem alteração,3 a 4 cm,2 a 3 cm,1 a 2 cm,Lasca cortical,Liso,Sem preparação,Sem formação de lábio,Bulbo pronunciado,Nenhuma,Sem informação,Retilíneo,Afilado,,,,,,,,,,,,,,,,,
67,Rio Plate III,Lascamento unipolar,Silexito,Lasca,Completo,Menor ou Igual a 1/2,Seixo,Sem alteração,2 a 3 cm,2 a 3 cm,1 a 2 cm,Lasca cortical,Cortical,Sem preparação,Sem formação de lábio,Bulbo difuso,1,Uma cicatriz apenas,Retilíneo,Afilado,,,,,,,,,,,,,,,,,
68,Rio Plate III,Lascamento unipolar,Silexito,Lasca,Completo,Menor ou Igual a 1/2,Seixo,Sem alteração,2 a 3 cm,3 a 4 cm,1 a 2 cm,Lasca cortical,Cortical,Sem preparação,Sem formação de lábio,Bulbo difuso,1,Uma cicatriz apenas,Retilíneo,Afilado,,,,,,,,,,,,,,,,,
69,Rio Plate III,Lascamento unipolar,Silexito,Lasca,Completo,Menor ou Igual a 1/2,Seixo,Sem alteração,3 a 4 cm,2 a 3 cm,1 a 2 cm,Lasca cortical,Liso,Sem preparação,Sem formação de lábio,Bulbo pronunciado,1,Uma cicatriz apenas,Retilíneo,Afilado,,,,,,,,,,,,,,,,,
70,Rio Plate III,Lascamento unipolar,Silexito,Lasca,Mesial/Distal,Menor ou Igual a 1/2,Seixo,Sem alteração,3 a 4 cm,2 a 3 cm,1 a 2 cm,Lasca cortical,Indeterminado,Indeterminado,Sem formação de lábio,Indeterminado,Nenhuma,Sem informação,Retilíneo,Afilado,,,,,,,,,,,,,,,,,
71,Rio Plate III,Lascamento unipolar,Silexito,Lasca,Completo,Menor ou Igual a 3/4,Seixo,Sem alteração,5 a 6 cm,4 a 5 cm,2 a 3 cm,Lasca cortical,Cortical,Sem preparação,Sem formação de lábio,Indeterminado,Nenhuma,Sem informação,Retilíneo,Afilado,,,,,,,,,,,,,,,,,
72,Rio Plate III,Lascamento unipolar,Silexito,Lasca,Completo,Menor ou Igual a 1/2,Seixo,Sem alteração,5 a 6 cm,3 a 4 cm,1 a 2 cm,Lasca cortical,Cortical,Sem preparação,Sem formação de lábio,Indeterminado,Nenhuma,Sem informação,Retilíneo,Afilado,,,,,,,,,,,,,,,,,
73,Rio Plate III,Lascamento unipolar,Silexito,Lasca,Completo,Menor ou Igual a 1/4,Seixo,Sem alteração,3 a 4 cm,2 a 3 cm,1 a 2 cm,Lasca de debitagem,Diedro,Sem preparação,Sem formação de lábio,Bulbo pronunciado,3,Paralelas,Curvo,Afilado,,,,,,,,,,,,,,,,,
74,Rio Plate III,Lascamento unipolar,Silexito,Lasca,Completo,Menor ou Igual a 1/2,Seixo,Sem alteração,4 a 5 cm,4 a 5 cm,2 a 3 cm,Lasca de debitagem,Cortical,Sem preparação,Sem formação de lábio,Bulbo pronunciado,1,Uma cicatriz apenas,Retilíneo,Afilado,,,,,,,,,,,,,,,,,
75,Rio Plate III,Lascamento unipolar,Silexito,Lasca,Só mesial,Menor ou Igual a 1/4,Seixo,Sem alteração,2 a 3 cm,2 a 3 cm,1 a 2 cm,Lasca de debitagem,Indeterminado,Indeterminado,Indeterminado,Indeterminado,1,Uma cicatriz apenas,Indeterminado,Indeterminado,,,,,,,,,,,,,,,,,
76,Rio Plate III,Lascamento unipolar,Silexito,Lasca,Completo,Menor ou Igual a 1/2,Seixo,Sem alteração,2 a 3 cm,2 a 3 cm,1 a 2 cm,Lasca cortical,Liso,Sem preparação,Sem formação de lábio,Bulbo difuso,Nenhuma,Sem informação,Retilíneo,Afilado,,,,,,,,,,,,,,,,,
77,Rio Plate III,Indeterminado,Quartzo Leitoso,Detrito,Indeterminado,Menor ou Igual a 1/2,Seixo,Sem alteração,3 a 4 cm,3 a 4 cm,3 a 4 cm,-,-,-,-,-,-,-,-,-,-,-,-,-,-,-,-,-,-,-,-,-,-,-,-,-,-
78,Rio Plate III,Indeterminado,Quartzo Leitoso,Detrito,Indeterminado,Menor ou Igual a 1/4,Seixo,Sem alteração,2 a 3 cm,2 a 3 cm,1 a 2 cm,-,-,-,-,-,-,-,-,-,-,-,-,-,-,-,-,-,-,-,-,-,-,-,-,-,-
79,Rio Plate III,Lascamento unipolar,Silexito,Detrito,Indeterminado,Menor ou Igual a 1/2,Seixo,Sem alteração,3 a 4 cm,2 a 3 cm,1 a 2 cm,-,-,-,-,-,-,-,-,-,-,-,-,-,-,-,-,-,-,-,-,-,-,-,-,-,-
80,Rio Plate III,Lascamento unipolar,Silexito,Detrito,Indeterminado,Menor ou Igual a 1/2,Seixo,Sem alteração,4 a 5 cm,2 a 3 cm,1 a 2 cm,-,-,-,-,-,-,-,-,-,-,-,-,-,-,-,-,-,-,-,-,-,-,-,-,-,-
81,Rio Plate III,Lascamento unipolar,Silexito,Detrito,Indeterminado,Menor ou Igual a 1/2,Seixo,Sem alteração,3 a 4 cm,2 a 3 cm,2 a 3 cm,-,-,-,-,-,-,-,-,-,-,-,-,-,-,-,-,-,-,-,-,-,-,-,-,-,-
82,Rio Plate III,Lascamento unipolar,Silexito,Detrito,Indeterminado,Menor ou Igual a 1/4,Seixo,Sem alteração,4 a 5 cm,2 a 3 cm,1 a 2 cm,-,-,-,-,-,-,-,-,-,-,-,-,-,-,-,-,-,-,-,-,-,-,-,-,-,-
83,Rio Plate III,Lascamento unipolar,Silexito,Detrito,Indeterminado,Menor ou Igual a 1/2,Seixo,Sem alteração,3 a 4 cm,2 a 3 cm,1 a 2 cm,-,-,-,-,-,-,-,-,-,-,-,-,-,-,-,-,-,-,-,-,-,-,-,-,-,-
84,Rio Plate III,Lascamento unipolar,Silexito,Detrito,Indeterminado,Menor ou Igual a 1/2,Seixo,Sem alteração,4 a 5 cm,3 a 4 cm,2 a 3 cm,-,-,-,-,-,-,-,-,-,-,-,-,-,-,-,-,-,-,-,-,-,-,-,-,-,-
85,Rio Plate III,Lascamento unipolar,Silexito,Detrito,Indeterminado,Menor ou Igual a 1/2,Seixo,Sem alteração,3 a 4 cm,2 a 3 cm,1 a 2 cm,-,-,-,-,-,-,-,-,-,-,-,-,-,-,-,-,-,-,-,-,-,-,-,-,-,-
86,Rio Plate III,Lascamento unipolar,Silexito,Detrito,Indeterminado,Menor ou Igual a 1/2,Seixo,Sem alteração,2 a 3 cm,2 a 3 cm,1 a 2 cm,-,-,-,-,-,-,-,-,-,-,-,-,-,-,-,-,-,-,-,-,-,-,-,-,-,-
87,Rio Plate III,Lascamento unipolar,Silexito,Detrito,Indeterminado,Menor ou Igual a 1/2,Seixo,Sem alteração,3 a 4 cm,2 a 3 cm,1 a 2 cm,-,-,-,-,-,-,-,-,-,-,-,-,-,-,-,-,-,-,-,-,-,-,-,-,-,-
88,Rio Plate III,Lascamento unipolar,Silexito,Detrito,Indeterminado,Menor ou Igual a 1/2,Seixo,Sem alteração,3 a 4 cm,2 a 3 cm,1 a 2 cm,-,-,-,-,-,-,-,-,-,-,-,-,-,-,-,-,-,-,-,-,-,-,-,-,-,-
89,Rio Plate III,Lascamento unipolar,Silexito,Detrito,Indeterminado,Menor ou Igual a 1/4,Seixo,Sem alteração,3 a 4 cm,2 a 3 cm,1 a 2 cm,-,-,-,-,-,-,-,-,-,-,-,-,-,-,-,-,-,-,-,-,-,-,-,-,-,-
90,Rio Plate III,Lascamento unipolar,Silexito,Detrito,Indeterminado,Menor ou Igual a 1/4,Seixo,Sem alteração,3 a 4 cm,2 a 3 cm,1 a 2 cm,-,-,-,-,-,-,-,-,-,-,-,-,-,-,-,-,-,-,-,-,-,-,-,-,-,-
91,Rio Plate III,Indeterminado,Quartzito,Detrito,Indeterminado,Menor ou Igual a 1/4,Seixo,Sem alteração,3 a 4 cm,1 a 2 cm,1 a 2 cm,-,-,-,-,-,-,-,-,-,-,-,-,-,-,-,-,-,-,-,-,-,-,-,-,-,-
92,Rio Plate III,Lascamento unipolar,Silexito,Detrito,Indeterminado,Menor ou Igual a 1/2,Seixo,Sem alteração,4 a 5 cm,3 a 4 cm,1 a 2 cm,-,-,-,-,-,-,-,-,-,-,-,-,-,-,-,-,-,-,-,-,-,-,-,-,-,-
93,Rio Plate III,Lascamento unipolar,Silexito,Detrito,Indeterminado,Menor ou Igual a 1/4,Seixo,Sem alteração,5 a 6 cm,3 a 4 cm,2 a 3 cm,-,-,-,-,-,-,-,-,-,-,-,-,-,-,-,-,-,-,-,-,-,-,-,-,-,-
94,Rio Plate III,Lascamento unipolar,Silexito,Fragmento de Instrumento,Completo,Menor ou Igual a 1/4,Seixo,Sem alteração,3 a 4 cm,3 a 4 cm,2 a 3 cm,-,-,-,-,-,-,-,-,-,-,-,-,Indeterminado,Lasca unipolar,Indeterminado,Indeterminado,Ausente,,,,,,,,,
95,Rio Plate III,Lascamento unipolar,Silexito,Fragmento de Instrumento,Completo,Menor ou Igual a 1/2,Seixo,Sem alteração,3 a 4 cm,3 a 4 cm,1 a 2 cm,-,-,-,-,-,-,-,-,-,-,-,-,Indeterminado,Lasca unipolar,Indeterminado,Indeterminado,Ausente,,,,,,,,,
96,Rio Plate III,Lascamento bipolar,Silexito,Pré-forma,Completo,Menor ou Igual a 1/2,Seixo,Sem alteração,4 a 5 cm,3 a 4 cm,2 a 3 cm,-,-,-,-,-,-,-,-,-,-,-,-,Indeterminado,Lasca bipolar,Indeterminado,Indeterminado,Ausente,,,,,,,,,
97,Rio Plate III,Lascamento unipolar,Silexito,Pré-forma,Completo,Menor ou Igual a 1/4,Seixo,Sem alteração,5 a 6 cm,4 a 5 cm,1 a 2 cm,-,-,-,-,-,-,-,-,-,-,-,-,Indeterminado,Lasca unipolar,Indeterminado,Indeterminado,Ausente,,,,,,,,,
98,Rio Plate III,Lascamento unipolar,Silexito,Pré-forma,Completo,Menor ou Igual a 1/2,Seixo,Sem alteração,4 a 5 cm,3 a 4 cm,1 a 2 cm,-,-,-,-,-,-,-,-,-,-,-,-,Indeterminado,Indeterminado,Indeterminado,Indeterminado,Ausente,,,,,,,,,
99,Rio Plate III,Lascamento unipolar,Silexito,Instrumento,Completo,Menor ou Igual a 1/4,Seixo,Sem alteração,4 a 5 cm,3 a 4 cm,1 a 2 cm,-,-,-,-,-,-,-,-,-,-,-,-,Instrumento sobre lasca,Lasca unipolar,Um,Lateral,Ausente,Retoque,Marginal irregular,Direto,Subparalelo,Retilíneo,Rasante (0-20),Indeterminado,Parcial,Contínuo
100,Rio Plate III,Lascamento unipolar,Silexito,Instrumento,Completo,Menor ou Igual a 1/4,Seixo,Sem alteração,6 a 7 cm,3 a 4 cm,1 a 2 cm,-,-,-,-,-,-,-,-,-,-,-,-,Instrumento sobre lasca,Lasca unipolar,Um,Lateral,Ausente,,,,,,,,,
101,Rio Plate III,Lascamento unipolar,Quartzito,Instrumento,Completo,Menor ou Igual a 1/4,Seixo,Sem alteração,5 a 6 cm,3 a 4 cm,2 a 3 cm,-,-,-,-,-,-,-,-,-,-,-,-,Instrumento sobre lasca,Lasca unipolar,Um,Lateral,Ausente,Retoque,Marginal irregular,Direto,Subparalelo,Convexo,Semi-abrupto (60-70),Indeterminado,Parcial,Contínuo
102,Rio Plate III,Lascamento unipolar,Quartzito,Instrumento,Completo,Menor ou Igual a 1/4,Seixo,Sem alteração,5 a 6 cm,3 a 4 cm,1 a 2 cm,-,-,-,-,-,-,-,-,-,-,-,-,Instrumento sobre lasca,Lasca unipolar,Um,Lateral,Ausente,Retoque,Marginal irregular,Alterno,Subparalelo,Convexo,Rasante (0-20),Indeterminado,Parcial,Contínuo
103,Rio Plate III,Lascamento unipolar,Silexito,Instrumento,Completo,Sem córtex,Inexistente,Sem alteração,4 a 5 cm,3 a 4 cm,0 a 1 cm,-,-,-,-,-,-,-,-,-,-,-,-,Instrumento sobre lasca,Lasca unipolar,Dois,Lateral,Ausente,Retoque,Marginal irregular,Direto,Subparalelo,Retilíneo,Rasante (0-20),Lateral,Parcial,Contínuo
104,Rio Plate III,Lascamento unipolar,Silexito,Instrumento,Completo,Sem córtex,Inexistente,Sem alteração,3 a 4 cm,2 a 3 cm,0 a 1 cm,-,-,-,-,-,-,-,-,-,-,-,-,Instrumento sobre lasca,Lasca unipolar,Dois,Lateral,Ausente,Retoque,Invasor irregular,Direto,Subparalelo,Retilíneo,Rasante (0-20),Lateral,Parcial,Contínuo
105,Rio Plate III,Lascamento unipolar,Silexito,Instrumento,Completo,Sem córtex,Inexistente,Sem alteração,3 a 4 cm,3 a 4 cm,1 a 2 cm,-,-,-,-,-,-,-,-,-,-,-,-,Instrumento sobre lasca,Lasca unipolar,Um,Lateral,Ausente,,,,,,,,,
106,Rio Plate III,Lascamento unipolar,Quartzo Leitoso,Lasca,Completo,Sem córtex,Inexistente,Sem alteração,2 a 3 cm,2 a 3 cm,0 a 1 cm,Lasca de debitagem,Liso,Sem preparação,Sem formação de lábio,Bulbo pronunciado,2,Ortogonais,Retilíneo,Afilado,,,,,,,,,,,,,,,,,
107,Rio Plate III,Lascamento unipolar,Quartzo Hialino,Lasca,Completo,Sem córtex,Inexistente,Sem alteração,2 a 3 cm,1 a 2 cm,0 a 1 cm,Lasca de debitagem,Linear,Sem preparação,Sem formação de lábio,Bulbo difuso,3,Ortogonais,Retilíneo,Afilado,,,,,,,,,,,,,,,,,
108,Rio Plate III,Lascamento unipolar,Quartzo Leitoso,Lasca,Só mesial,Sem córtex,Inexistente,Sem alteração,2 a 3 cm,2 a 3 cm,0 a 1 cm,Lasca de debitagem,Indeterminado,Sem preparação,Sem formação de lábio,Indeterminado,2,Paralelas,Retilíneo,Indeterminado,,,,,,,,,,,,,,,,,
109,Rio Plate III,Lascamento unipolar,Quartzo Leitoso,Lasca,Só distal,Sem córtex,Inexistente,Sem alteração,3 a 4 cm,2 a 3 cm,1 a 2 cm,Indeterminado,Indeterminado,Sem preparação,Sem formação de lábio,Indeterminado,3,Ortogonais,Retilíneo,Indeterminado,,,,,,,,,,,,,,,,,
110,Rio Plate III,Lascamento unipolar,Quartzo Leitoso,Lasca,Só distal,Sem córtex,Inexistente,Sem alteração,1 a 2 cm,2 a 3 cm,0 a 1 cm,Indeterminado,Indeterminado,Sem preparação,Sem formação de lábio,Indeterminado,2,Paralelas,Retilíneo,Indeterminado,,,,,,,,,,,,,,,,,
111,Rio Plate III,Lascamento unipolar,Quartzo Leitoso,Lasca,Só distal,Sem córtex,Inexistente,Sem alteração,1 a 2 cm,2 a 3 cm,0 a 1 cm,Indeterminado,Indeterminado,Sem preparação,Sem formação de lábio,Indeterminado,1,Uma cicatriz apenas,Retilíneo,Indeterminado,,,,,,,,,,,,,,,,,
112,Rio Plate III,Indeterminado,Quartzo Leitoso,Detrito,Indeterminado,Sem córtex,Inexistente,Sem alteração,3 a 4 cm,2 a 3 cm,1 a 2 cm,-,-,-,-,-,-,-,-,-,-,-,-,-,-,-,-,-,-,-,-,-,-,-,-,-,-
113,Rio Plate III,Lascamento unipolar,Silexito,Lasca,Mesial/Distal,Sem córtex,Inexistente,Sem alteração,3 a 4 cm,2 a 3 cm,0 a 1 cm,Lasca de debitagem,Indeterminado,Indeterminado,Indeterminado,Indeterminado,3,Ortogonais,Retilíneo,Afilado,,,,,,,,,,,,,,,,,
114,Rio Plate III,Lascamento unipolar,Silexito,Lasca,Mesial/Distal,Sem córtex,Inexistente,Sem alteração,2 a 3 cm,2 a 3 cm,0 a 1 cm,Lasca de debitagem,Indeterminado,Indeterminado,Indeterminado,Indeterminado,3,Ortogonais,Retilíneo,Afilado,,,,,,,,,,,,,,,,,
115,Rio Plate III,Lascamento unipolar,Silexito,Lasca,Mesial/Distal,Sem córtex,Inexistente,Sem alteração,3 a 4 cm,2 a 3 cm,0 a 1 cm,Lasca de debitagem,Indeterminado,Indeterminado,Indeterminado,Indeterminado,4 ou +,Ortogonais,Helicoidal,Afilado,,,,,,,,,,,,,,,,,
116,Rio Plate III,Lascamento unipolar,Silexito,Lasca,Só mesial,Sem córtex,Inexistente,Sem alteração,2 a 3 cm,2 a 3 cm,0 a 1 cm,Lasca de debitagem,Indeterminado,Indeterminado,Indeterminado,Indeterminado,4 ou +,Ortogonais,Retilíneo,Indeterminado,,,,,,,,,,,,,,,,,
117,Rio Plate III,Lascamento unipolar,Silexito,Lasca,Mesial/Distal,Sem córtex,Inexistente,Sem alteração,3 a 4 cm,1 a 2 cm,0 a 1 cm,Lasca de debitagem,Indeterminado,Indeterminado,Indeterminado,Indeterminado,2,Paralelas,Helicoidal,Afilado,,,,,,,,,,,,,,,,,
118,Rio Plate III,Lascamento unipolar,Quartzito,Lasca,Proximal/Mesial,Sem córtex,Inexistente,Sem alteração,2 a 3 cm,2 a 3 cm,0 a 1 cm,Lasca de debitagem,Linear,Sem preparação,Sem formação de lábio,Bulbo difuso,Indeterminado,Indeterminado,Retilíneo,Indeterminado,,,,,,,,,,,,,,,,,
119,Rio Plate III,Lascamento unipolar,Silexito,Instrumento,Proximal/Mesial,Sem córtex,Inexistente,Sem alteração,2 a 3 cm,1 a 2 cm,0 a 1 cm,-,-,-,-,-,-,-,-,-,-,-,-,Instrumento sobre lasca,Lasca unipolar,Um,Lateral,Ausente,Retoque,Invasor regular,Direto,Scalariforme,Retilíneo,Rasante (0-20),Lateral,Total,Contínuo
120,Rio Plate III,Lascamento unipolar,Silexito,Lasca,Completo,Sem córtex,Inexistente,Sem alteração,2 a 3 cm,1 a 2 cm,0 a 1 cm,Lasca de debitagem,Linear,Sem preparação,Com formação de lábio,Bulbo pronunciado,3,Paralelas,Helicoidal,Afilado,,,,,,,,,,,,,,,,,
121,Rio Plate III,Lascamento unipolar,Silexito,Lasca,Completo,Sem córtex,Inexistente,Sem alteração,2 a 3 cm,1 a 2 cm,0 a 1 cm,Lasca de debitagem,Linear,Sem preparação,Sem formação de lábio,Bulbo difuso,3,Ortogonais,Helicoidal,Afilado,,,,,,,,,,,,,,,,,
122,Rio Plate III,Lascamento unipolar,Silexito,Lasca,Completo,Sem córtex,Inexistente,Sem alteração,4 a 5 cm,2 a 3 cm,0 a 1 cm,Lasca de debitagem,Liso,Com preparação,Com formação de lábio,Bulbo difuso,4 ou +,Ortogonais,Helicoidal,Afilado,,,,,,,,,,,,,,,,,
123,Rio Plate III,Lascamento unipolar,Silexito,Lasca,Completo,Sem córtex,Inexistente,Sem alteração,3 a 4 cm,2 a 3 cm,0 a 1 cm,Lasca de formatação,Facetado,Sem preparação,Com formação de lábio,Bulbo difuso,4 ou +,Ortogonais,Helicoidal,Afilado,,,,,,,,,,,,,,,,,
124,Rio Plate III,Lascamento unipolar,Silexito,Lasca,Completo,Menor ou Igual a 1/4,Seixo,Sem alteração,3 a 4 cm,2 a 3 cm,0 a 1 cm,Lasca de debitagem,Liso,Sem preparação,Sem formação de lábio,Bulbo pronunciado,4 ou +,Ortogonais,Retilíneo,Afilado,,,,,,,,,,,,,,,,,
125,Rio Plate III,Lascamento unipolar,Silexito,Lasca,Completo,Sem córtex,Inexistente,Sem alteração,3 a 4 cm,1 a 2 cm,0 a 1 cm,Lasca de debitagem,Linear,Sem preparação,Com formação de lábio,Bulbo difuso,4 ou +,Ortogonais,Retilíneo,Afilado,,,,,,,,,,,,,,,,,
126,Rio Plate III,Lascamento unipolar,Silexito,Lasca,Completo,Sem córtex,Inexistente,Sem alteração,3 a 4 cm,1 a 2 cm,0 a 1 cm,Lasca de debitagem,Liso,Sem preparação,Sem formação de lábio,Bulbo pronunciado,Indeterminado,Indeterminado,Helicoidal,Afilado,,,,,,,,,,,,,,,,,
127,Rio Plate III,Lascamento unipolar,Quartzito,Lasca,Completo,Sem córtex,Inexistente,Sem alteração,3 a 4 cm,2 a 3 cm,0 a 1 cm,Lasca de debitagem,Linear,Sem preparação,Sem formação de lábio,Bulbo pronunciado,3,Ortogonais,Retilíneo,Afilado,,,,,,,,,,,,,,,,,
128,Rio Plate III,Lascamento unipolar,Silexito,Lasca,Completo,Sem córtex,Inexistente,Sem alteração,2 a 3 cm,2 a 3 cm,0 a 1 cm,Lasca de debitagem,Liso,Sem preparação,Com formação de lábio,Bulbo difuso,2,Ortogonais,Retilíneo,Afilado,,,,,,,,,,,,,,,,,
129,Rio Plate III,Lascamento unipolar,Silexito,Lasca,Só proximal,Sem córtex,Inexistente,Sem alteração,2 a 3 cm,2 a 3 cm,0 a 1 cm,Lasca de formatação,Facetado,Com preparação,Com formação de lábio,Bulbo pronunciado,3,Ortogonais,Retilíneo,Indeterminado,,,,,,,,,,,,,,,,,
130,Rio Plate III,Lascamento unipolar,Silexito,Lasca,Proximal/Mesial,Sem córtex,Inexistente,Sem alteração,2 a 3 cm,2 a 3 cm,0 a 1 cm,Lasca de debitagem,Linear,Sem preparação,Sem formação de lábio,Bulbo difuso,4 ou +,Ortogonais,Retilíneo,Indeterminado,,,,,,,,,,,,,,,,,
131,Rio Plate III,Lascamento unipolar,Silexito,Lasca,Completo,Sem córtex,Inexistente,Sem alteração,3 a 4 cm,2 a 3 cm,0 a 1 cm,Lasca de debitagem,Liso,Sem preparação,Com formação de lábio,Bulbo difuso,4 ou +,Ortogonais,Retilíneo,Afilado,,,,,,,,,,,,,,,,,
132,Rio Plate III,Lascamento unipolar,Arenito Silicificado,Lasca,Indeterminado,Sem córtex,Inexistente,Sem alteração,4 a 5 cm,3 a 4 cm,0 a 1 cm,Lasca de debitagem,Indeterminado,Indeterminado,Indeterminado,Indeterminado,4 ou +,Ortogonais,Retilíneo,Afilado,,,,,,,,,,,,,,,,,
133,Rio Plate III,Lascamento unipolar,Arenito Silicificado,Lasca,Completo,Sem córtex,Inexistente,Sem alteração,3 a 4 cm,3 a 4 cm,0 a 1 cm,Lasca de debitagem,Liso,Sem preparação,Sem formação de lábio,Bulbo pronunciado,4 ou +,Ortogonais,Retilíneo,Afilado,,,,,,,,,,,,,,,,,
134,Rio Plate III,Lascamento unipolar,Silexito,Lasca,Só mesial,Sem córtex,Inexistente,Sem alteração,1 a 2 cm,1 a 2 cm,0 a 1 cm,Lasca de debitagem,Indeterminado,Indeterminado,Indeterminado,Indeterminado,4 ou +,Ortogonais,Retilíneo,Indeterminado,,,,,,,,,,,,,,,,,
135,Rio Plate III,Lascamento unipolar,Silexito,Lasca,Completo,Menor ou Igual a 1/4,Seixo,Sem alteração,4 a 5 cm,2 a 3 cm,0 a 1 cm,Lasca de debitagem,Liso,Sem preparação,Sem formação de lábio,Bulbo pronunciado,4 ou +,Ortogonais,Retilíneo,Afilado,,,,,,,,,,,,,,,,,
136,Rio Plate III,Lascamento unipolar,Silexito,Lasca,Completo,Sem córtex,Inexistente,Sem alteração,4 a 5 cm,2 a 3 cm,0 a 1 cm,Lasca de debitagem,Liso,Sem preparação,Sem formação de lábio,Bulbo difuso,4 ou +,Ortogonais,Retilíneo,Afilado,,,,,,,,,,,,,,,,,
137,Rio Plate III,Lascamento unipolar,Silexito,Lasca,Completo,Menor ou Igual a 1/4,Seixo,Sem alteração,2 a 3 cm,2 a 3 cm,0 a 1 cm,Lasca de debitagem,Liso,Sem preparação,Sem formação de lábio,Bulbo difuso,3,Ortogonais,Retilíneo,Afilado,,,,,,,,,,,,,,,,,
138,Rio Plate III,Lascamento unipolar,Silexito,Lasca,Só mesial,Menor ou Igual a 1/4,Seixo,Sem alteração,2 a 3 cm,1 a 2 cm,0 a 1 cm,Lasca de debitagem,Indeterminado,Indeterminado,Indeterminado,Indeterminado,2,Paralelas,Retilíneo,Indeterminado,,,,,,,,,,,,,,,,,
139,Rio Plate III,Lascamento unipolar,Silexito,Detrito,Indeterminado,Sem córtex,Inexistente,Sem alteração,3 a 4 cm,1 a 2 cm,1 a 2 cm,-,-,-,-,-,-,-,-,-,-,-,-,-,-,-,-,-,-,-,-,-,-,-,-,-,-
140,Rio Plate III,Lascamento unipolar,Silexito,Lasca,Completo,Sem córtex,Inexistente,Sem alteração,2 a 3 cm,2 a 3 cm,0 a 1 cm,Lasca de debitagem,Liso,Com preparação,Sem formação de lábio,Bulbo pronunciado,2,Ortogonais,Retilíneo,Afilado,,,,,,,,,,,,,,,,,
141,Rio Plate III,Lascamento unipolar,Silexito,Lasca,Só mesial,Sem córtex,Inexistente,Sem alteração,2 a 3 cm,2 a 3 cm,0 a 1 cm,Lasca de debitagem,Indeterminado,Indeterminado,Indeterminado,Indeterminado,4 ou +,Ortogonais,Retilíneo,Indeterminado,,,,,,,,,,,,,,,,,
142,Rio Plate III,Lascamento unipolar,Silexito,Lasca,Completo,Sem córtex,Inexistente,Sem alteração,2 a 3 cm,3 a 4 cm,1 a 2 cm,Lasca de debitagem,Liso,Sem preparação,Sem formação de lábio,Bulbo pronunciado,3,Ortogonais,Retilíneo,Afilado,,,,,,,,,,,,,,,,,
143,Rio Plate III,Lascamento unipolar,Silexito,Lasca,Completo,Sem córtex,Inexistente,Sem alteração,3 a 4 cm,2 a 3 cm,0 a 1 cm,Lasca de debitagem,Retirado,Sem preparação,Sem formação de lábio,Bulbo difuso,4 ou +,Ortogonais,Retilíneo,Afilado,,,,,,,,,,,,,,,,,
144,Rio Plate III,Lascamento unipolar,Silexito,Lasca,Completo,Sem córtex,Inexistente,Sem alteração,2 a 3 cm,1 a 2 cm,0 a 1 cm,Lasca de formatação,Puntiforme,Com preparação,Com formação de lábio,Bulbo pronunciado,4 ou +,Ortogonais,Retilíneo,Afilado,,,,,,,,,,,,,,,,,
145,Rio Plate III,Lascamento unipolar,Silexito,Lasca,Mesial/Distal,Sem córtex,Inexistente,Sem alteração,2 a 3 cm,2 a 3 cm,0 a 1 cm,Lasca de debitagem,Indeterminado,Indeterminado,Indeterminado,Indeterminado,4 ou +,Ortogonais,Retilíneo,Afilado,,,,,,,,,,,,,,,,,
146,Rio Plate III,Lascamento unipolar,Silexito,Lasca,Completo,Sem córtex,Inexistente,Sem alteração,2 a 3 cm,1 a 2 cm,0 a 1 cm,Lasca de formatação,Linear,Sem preparação,Sem formação de lábio,Bulbo difuso,4 ou +,Ortogonais,Helicoidal,Afilado,,,,,,,,,,,,,,,,,
147,Rio Plate III,Lascamento unipolar,Silexito,Lasca,Completo,Sem córtex,Inexistente,Sem alteração,3 a 4 cm,2 a 3 cm,0 a 1 cm,Lasca de debitagem,Liso,Sem preparação,Com formação de lábio,Bulbo difuso,4 ou +,Ortogonais,Helicoidal,Afilado,,,,,,,,,,,,,,,,,
148,Rio Plate III,Lascamento unipolar,Silexito,Lasca,Completo,Sem córtex,Inexistente,Sem alteração,2 a 3 cm,2 a 3 cm,0 a 1 cm,Lasca de debitagem,Liso,Sem preparação,Sem formação de lábio,Bulbo pronunciado,4 ou +,Ortogonais,Retilíneo,Afilado,,,,,,,,,,,,,,,,,
149,Rio Plate III,Lascamento unipolar,Silexito,Lasca,Completo,Menor ou Igual a 1/4,Seixo,Sem alteração,2 a 3 cm,3 a 4 cm,0 a 1 cm,Lasca de debitagem,Liso,Sem preparação,Sem formação de lábio,Bulbo pronunciado,3,Ortogonais,Retilíneo,Afilado,,,,,,,,,,,,,,,,,
150,Rio Plate III,Lascamento unipolar,Silexito,Lasca,Completo,Menor ou Igual a 1/4,Seixo,Sem alteração,2 a 3 cm,1 a 2 cm,0 a 1 cm,Lasca de formatação,Liso,Sem preparação,Sem formação de lábio,Bulbo difuso,2,Paralelas,Retilíneo,Afilado,,,,,,,,,,,,,,,,,
151,Rio Plate III,Lascamento unipolar,Silexito,Lasca,Completo,Sem córtex,Inexistente,Sem alteração,2 a 3 cm,2 a 3 cm,0 a 1 cm,Lasca de debitagem,Liso,Com preparação,Sem formação de lábio,Bulbo pronunciado,3,Ortogonais,Retilíneo,Afilado,,,,,,,,,,,,,,,,,
152,Rio Plate III,Lascamento unipolar,Silexito,Lasca,Só mesial,Sem córtex,Inexistente,Sem alteração,2 a 3 cm,1 a 2 cm,0 a 1 cm,Lasca de debitagem,Indeterminado,Indeterminado,Indeterminado,Indeterminado,3,Paralelas,Retilíneo,Indeterminado,,,,,,,,,,,,,,,,,
153,Rio Plate III,Lascamento unipolar,Silexito,Detrito,Indeterminado,Menor ou Igual a 1/2,Seixo,Sem alteração,2 a 3 cm,2 a 3 cm,2 a 3 cm,-,-,-,-,-,-,-,-,-,-,-,-,-,-,-,-,-,-,-,-,-,-,-,-,-,-
154,Rio Plate III,Lascamento unipolar,Silexito,Lasca,Só proximal,Sem córtex,Inexistente,Sem alteração,1 a 2 cm,2 a 3 cm,0 a 1 cm,Lasca de debitagem,Diedro,Com preparação,Sem formação de lábio,Bulbo pronunciado,4 ou +,Ortogonais,Retilíneo,Indeterminado,,,,,,,,,,,,,,,,,
155,Rio Plate III,Lascamento unipolar,Silexito,Lasca,Proximal/Mesial,Sem córtex,Inexistente,Sem alteração,2 a 3 cm,2 a 3 cm,0 a 1 cm,Lasca de debitagem,Liso,Com preparação,Com formação de lábio,Bulbo difuso,1,Uma cicatriz apenas,Helicoidal,Indeterminado,,,,,,,,,,,,,,,,,
156,Rio Plate III,Lascamento unipolar,Silexito,Lasca,Mesial/Distal,Sem córtex,Inexistente,Sem alteração,2 a 3 cm,2 a 3 cm,0 a 1 cm,Lasca de debitagem,Indeterminado,Indeterminado,Indeterminado,Indeterminado,3,Ortogonais,Retilíneo,Afilado,,,,,,,,,,,,,,,,,
157,Rio Plate III,Lascamento unipolar,Silexito,Lasca,Completo,Sem córtex,Inexistente,Sem alteração,2 a 3 cm,3 a 4 cm,1 a 2 cm,Lasca de debitagem,Linear,Sem preparação,Sem formação de lábio,Bulbo difuso,2,Ortogonais,Retilíneo,Afilado,,,,,,,,,,,,,,,,,
158,Rio Plate III,Lascamento unipolar,Silexito,Lasca,Mesial/Distal,Sem córtex,Inexistente,Sem alteração,3 a 4 cm,2 a 3 cm,0 a 1 cm,Lasca de debitagem,Indeterminado,Indeterminado,Indeterminado,Indeterminado,2,Paralelas,Retilíneo,Afilado,,,,,,,,,,,,,,,,,
159,Rio Plate III,Lascamento unipolar,Silexito,Detrito,Indeterminado,Sem córtex,Inexistente,Sem alteração,2 a 3 cm,2 a 3 cm,1 a 2 cm,-,-,-,-,-,-,-,-,-,-,-,-,-,-,-,-,-,-,-,-,-,-,-,-,-,-
160,Rio Plate III,Lascamento unipolar,Silexito,Lasca,Proximal/Mesial,Menor ou Igual a 1/4,Seixo,Sem alteração,2 a 3 cm,3 a 4 cm,0 a 1 cm,Lasca de debitagem,Cortical,Sem preparação,Sem formação de lábio,Bulbo pronunciado,Indeterminado,Indeterminado,Retilíneo,Indeterminado,,,,,,,,,,,,,,,,,
161,Rio Plate III,Lascamento unipolar,Arenito Silicificado,Lasca,Mesial/Distal,Sem córtex,Inexistente,Sem alteração,2 a 3 cm,1 a 2 cm,0 a 1 cm,Indeterminado,Indeterminado,Indeterminado,Indeterminado,Indeterminado,1,Uma cicatriz apenas,Retilíneo,Afilado,,,,,,,,,,,,,,,,,
162,Rio Plate III,Lascamento unipolar,Silexito,Lasca,Mesial/Distal,Sem córtex,Inexistente,Sem alteração,2 a 3 cm,2 a 3 cm,0 a 1 cm,Lasca de debitagem,Indeterminado,Indeterminado,Indeterminado,Indeterminado,4 ou +,Ortogonais,Retilíneo,Afilado,,,,,,,,,,,,,,,,,
163,Rio Plate III,Lascamento unipolar,Silexito,Pré-forma,Completo,Menor ou Igual a 3/4,Seixo,Sem alteração,3 a 4 cm,3 a 4 cm,1 a 2 cm,-,-,-,-,-,-,-,-,-,-,-,-,Unifacial,Seixo,Indeterminado,Indeterminado,Indeterminado,,,,,,,,,
164,Rio Plate III,Lascamento unipolar,Silexito,Lasca,Completo,Sem córtex,Inexistente,Sem alteração,3 a 4 cm,2 a 3 cm,1 a 2 cm,Lasca de debitagem,Liso,Indeterminado,Sem formação de lábio,Bulbo pronunciado,3,Ortogonais,Retilíneo,Afilado,,,,,,,,,,,,,,,,,
165,Rio Plate III,Lascamento unipolar,Silexito,Detrito,Indeterminado,Menor ou Igual a 1/4,Seixo,Sem alteração,2 a 3 cm,2 a 3 cm,1 a 2 cm,-,-,-,-,-,-,-,-,-,-,-,-,-,-,-,-,-,-,-,-,-,-,-,-,-,-
166,Rio Plate III,Lascamento unipolar,Silexito,Lasca,Mesial/Distal,Sem córtex,Inexistente,Sem alteração,2 a 3 cm,2 a 3 cm,0 a 1 cm,Lasca de debitagem,Indeterminado,Indeterminado,Indeterminado,Indeterminado,2,Paralelas,Retilíneo,Afilado,,,,,,,,,,,,,,,,,
167,Rio Plate III,Lascamento unipolar,Silexito,Lasca,Completo,Sem córtex,Inexistente,Sem alteração,1 a 2 cm,2 a 3 cm,0 a 1 cm,Lasca de debitagem,Liso,Sem preparação,Sem formação de lábio,Bulbo pronunciado,2,Ortogonais,Retilíneo,Afilado,,,,,,,,,,,,,,,,,
168,Rio Plate III,Lascamento unipolar,Silexito,Detrito,Indeterminado,Sem córtex,Inexistente,Sem alteração,2 a 3 cm,2 a 3 cm,1 a 2 cm,-,-,-,-,-,-,-,-,-,-,-,-,-,-,-,-,-,-,-,-,-,-,-,-,-,-
169,Rio Plate III,Lascamento unipolar,Silexito,Detrito,Indeterminado,Sem córtex,Inexistente,Sem alteração,3 a 4 cm,2 a 3 cm,1 a 2 cm,-,-,-,-,-,-,-,-,-,-,-,-,-,-,-,-,-,-,-,-,-,-,-,-,-,-
170,Rio Plate III,Lascamento unipolar,Silexito,Lasca,Mesial/Distal,Menor ou Igual a 1/4,Seixo,Sem alteração,2 a 3 cm,2 a 3 cm,0 a 1 cm,Lasca de debitagem,Indeterminado,Indeterminado,Indeterminado,Indeterminado,3,Ortogonais,Curvo,Afilado,,,,,,,,,,,,,,,,,
171,Rio Plate III,Lascamento unipolar,Silexito,Lasca,Mesial/Distal,Sem córtex,Inexistente,Sem alteração,2 a 3 cm,2 a 3 cm,0 a 1 cm,Lasca de debitagem,Indeterminado,Indeterminado,Indeterminado,Indeterminado,Indeterminado,Indeterminado,Retilíneo,Afilado,,,,,,,,,,,,,,,,,
172,Rio Plate III,Lascamento unipolar,Silexito,Lasca,Mesial/Distal,Menor ou Igual a 1/4,Seixo,Sem alteração,2 a 3 cm,2 a 3 cm,0 a 1 cm,Lasca de debitagem,Indeterminado,Indeterminado,Indeterminado,Indeterminado,3,Ortogonais,Retilíneo,Afilado,,,,,,,,,,,,,,,,,
173,Rio Plate III,Lascamento unipolar,Silexito,Detrito,Indeterminado,Sem córtex,Inexistente,Sem alteração,2 a 3 cm,2 a 3 cm,1 a 2 cm,-,-,-,-,-,-,-,-,-,-,-,-,-,-,-,-,-,-,-,-,-,-,-,-,-,-
174,Rio Plate III,Lascamento unipolar,Silexito,Detrito,Indeterminado,Sem córtex,Inexistente,Sem alteração,3 a 4 cm,2 a 3 cm,1 a 2 cm,-,-,-,-,-,-,-,-,-,-,-,-,-,-,-,-,-,-,-,-,-,-,-,-,-,-
175,Rio Plate III,Lascamento unipolar,Silexito,Lasca,Mesial/Distal,Sem córtex,Inexistente,Sem alteração,3 a 4 cm,2 a 3 cm,0 a 1 cm,Lasca de debitagem,Indeterminado,Indeterminado,Indeterminado,Indeterminado,4 ou +,Ortogonais,Retilíneo,Afilado,,,,,,,,,,,,,,,,,
176,Rio Plate III,Lascamento unipolar,Silexito,Lasca,Mesial/Distal,Sem córtex,Inexistente,Sem alteração,2 a 3 cm,1 a 2 cm,0 a 1 cm,Lasca de debitagem,Indeterminado,Indeterminado,Indeterminado,Indeterminado,3,Ortogonais,Retilíneo,Afilado,,,,,,,,,,,,,,,,,
177,Rio Plate III,Lascamento unipolar,Silexito,Lasca,Completo,Sem córtex,Inexistente,Sem alteração,3 a 4 cm,2 a 3 cm,0 a 1 cm,Lasca de debitagem,Liso,Sem preparação,Sem formação de lábio,Bulbo difuso,4 ou +,Ortogonais,Retilíneo,Afilado,,,,,,,,,,,,,,,,,
178,Rio Plate III,Lascamento unipolar,Silexito,Lasca,Mesial/Distal,Sem córtex,Inexistente,Sem alteração,2 a 3 cm,2 a 3 cm,0 a 1 cm,Lasca de debitagem,Indeterminado,Indeterminado,Indeterminado,Indeterminado,4 ou +,Ortogonais,Retilíneo,Afilado,,,,,,,,,,,,,,,,,
179,Rio Plate III,Lascamento unipolar,Silexito,Detrito,Indeterminado,Sem córtex,Inexistente,Sem alteração,2 a 3 cm,2 a 3 cm,1 a 2 cm,-,-,-,-,-,-,-,-,-,-,-,-,-,-,-,-,-,-,-,-,-,-,-,-,-,-
180,Rio Plate III,Lascamento unipolar,Silexito,Lasca,Proximal/Mesial,Sem córtex,Inexistente,Sem alteração,2 a 3 cm,2 a 3 cm,0 a 1 cm,Lasca de debitagem,Diedro,Sem preparação,Com formação de lábio,Bulbo difuso,2,Paralelas,Retilíneo,Indeterminado,,,,,,,,,,,,,,,,,
181,Rio Plate III,Lascamento unipolar,Silexito,Lasca,Mesial/Distal,Menor ou Igual a 1/4,Seixo,Sem alteração,2 a 3 cm,2 a 3 cm,1 a 2 cm,Lasca de debitagem,Indeterminado,Indeterminado,Indeterminado,Indeterminado,4 ou +,Ortogonais,Curvo,Afilado,,,,,,,,,,,,,,,,,
182,Rio Plate III,Lascamento unipolar,Silexito,Detrito,Indeterminado,Sem córtex,Inexistente,Sem alteração,2 a 3 cm,1 a 2 cm,1 a 2 cm,-,-,-,-,-,-,-,-,-,-,-,-,-,-,-,-,-,-,-,-,-,-,-,-,-,-
183,Rio Plate III,Lascamento unipolar,Silexito,Lasca,Completo,Menor ou Igual a 1/4,Seixo,Sem alteração,1 a 2 cm,2 a 3 cm,0 a 1 cm,Lasca de debitagem,Cortical,Sem preparação,Sem formação de lábio,Bulbo difuso,2,Ortogonais,Retilíneo,Afilado,,,,,,,,,,,,,,,,,
184,Rio Plate III,Lascamento unipolar,Silexito,Lasca,Completo,Sem córtex,Inexistente,Sem alteração,2 a 3 cm,2 a 3 cm,0 a 1 cm,Lasca de debitagem,Liso,Sem preparação,Sem formação de lábio,Bulbo difuso,2,Paralelas,Retilíneo,Afilado,,,,,,,,,,,,,,,,,
185,Rio Plate III,Lascamento unipolar,Andesito,Lasca,Mesial/Distal,Sem córtex,Inexistente,Sem alteração,3 a 4 cm,3 a 4 cm,1 a 2 cm,Lasca de debitagem,Indeterminado,Indeterminado,Indeterminado,Indeterminado,2,Paralelas,Retilíneo,Afilado,,,,,,,,,,,,,,,,,
186,Rio Plate III,Lascamento unipolar,Quartzo Leitoso,Lasca,Mesial/Distal,Sem córtex,Inexistente,Sem alteração,3 a 4 cm,2 a 3 cm,0 a 1 cm,Lasca de debitagem,Indeterminado,Indeterminado,Indeterminado,Indeterminado,3,Ortogonais,Retilíneo,Afilado,,,,,,,,,,,,,,,,,
187,Rio Plate III,Lascamento unipolar,Silexito,Lasca,Só distal,Sem córtex,Inexistente,Sem alteração,0 a 1 cm,1 a 2 cm,0 a 1 cm,Lasca de retoque,Indeterminado,Indeterminado,Indeterminado,Indeterminado,1,Uma cicatriz apenas,Retilíneo,Afilado,,,,,,,,,,,,,,,,,
188,Rio Plate III,Lascamento unipolar,Arenito Silicificado,Lasca,Completo,Menor ou Igual a 1/4,Seixo,Sem alteração,1 a 2 cm,1 a 2 cm,0 a 1 cm,Lasca de debitagem,Diedro,Sem preparação,Sem formação de lábio,Bulbo pronunciado,2,Ortogonais,Retilíneo,Afilado,,,,,,,,,,,,,,,,,
189,Rio Plate III,Lascamento unipolar,Silexito,Lasca,Só distal,Sem córtex,Inexistente,Sem alteração,2 a 3 cm,2 a 3 cm,1 a 2 cm,Lasca de debitagem,Indeterminado,Indeterminado,Indeterminado,Indeterminado,2,Ortogonais,Retilíneo,Afilado,,,,,,,,,,,,,,,,,
190,Rio Plate III,Lascamento unipolar,Silexito,Lasca,Completo,Sem córtex,Inexistente,Sem alteração,2 a 3 cm,1 a 2 cm,0 a 1 cm,Lasca de debitagem,Liso,Sem preparação,Sem formação de lábio,Bulbo pronunciado,3,Paralelas,Retilíneo,Afilado,,,,,,,,,,,,,,,,,
191,Rio Plate III,Lascamento unipolar,Silexito,Lasca,Completo,Sem córtex,Inexistente,Sem alteração,1 a 2 cm,2 a 3 cm,0 a 1 cm,Lasca de debitagem,Liso,Com preparação,Com formação de lábio,Bulbo difuso,3,Ortogonais,Retilíneo,Afilado,,,,,,,,,,,,,,,,,
192,Rio Plate III,Lascamento unipolar,Silexito,Lasca,Completo,Menor ou Igual a 1/2,Seixo,Sem alteração,2 a 3 cm,3 a 4 cm,1 a 2 cm,Lasca cortical,Liso,Sem preparação,Sem formação de lábio,Bulbo pronunciado,Nenhuma,Sem informação,Retilíneo,Afilado,,,,,,,,,,,,,,,,,
193,Rio Plate III,Lascamento unipolar,Silexito,Lasca,Completo,Menor ou Igual a 1/4,Seixo,Sem alteração,4 a 5 cm,2 a 3 cm,1 a 2 cm,Lasca de debitagem,Liso,Sem preparação,Sem formação de lábio,Bulbo difuso,2,Paralelas,Retilíneo,Afilado,,,,,,,,,,,,,,,,,
194,Rio Plate III,Lascamento unipolar,Silexito,Lasca,Mesial/Distal,Sem córtex,Inexistente,Sem alteração,2 a 3 cm,2 a 3 cm,0 a 1 cm,Lasca de debitagem,Indeterminado,Indeterminado,Indeterminado,Indeterminado,4 ou +,Ortogonais,Retilíneo,Afilado,,,,,,,,,,,,,,,,,
195,Rio Plate III,Lascamento unipolar,Silexito,Detrito,Indeterminado,Menor ou Igual a 1/4,Seixo,Sem alteração,2 a 3 cm,2 a 3 cm,1 a 2 cm,-,-,-,-,-,-,-,-,-,-,-,-,-,-,-,-,-,-,-,-,-,-,-,-,-,-
196,Rio Plate III,Lascamento unipolar,Silexito,Lasca,Só distal,Sem córtex,Inexistente,Sem alteração,2 a 3 cm,2 a 3 cm,0 a 1 cm,Lasca de debitagem,Indeterminado,Indeterminado,Indeterminado,Indeterminado,3,Ortogonais,Retilíneo,Afilado,,,,,,,,,,,,,,,,,
197,Rio Plate III,Lascamento unipolar,Silexito,Lasca,Proximal/Mesial,Sem córtex,Inexistente,Sem alteração,2 a 3 cm,1 a 2 cm,0 a 1 cm,Lasca de debitagem,Liso,Sem preparação,Sem formação de lábio,Bulbo pronunciado,4 ou +,Ortogonais,Retilíneo,Indeterminado,,,,,,,,,,,,,,,,,
198,Rio Plate III,Lascamento unipolar,Silexito,Lasca,Completo,Menor ou Igual a 1/4,Seixo,Sem alteração,3 a 4 cm,4 a 5 cm,1 a 2 cm,Lasca de debitagem,Esmigalhado,Sem preparação,Sem formação de lábio,Bulbo pronunciado,3,Ortogonais,Retilíneo,Afilado,,,,,,,,,,,,,,,,,
199,Rio Plate III,Lascamento unipolar,Silexito,Fragmento de Instrumento,Indeterminado,Menor ou Igual a 1/2,Seixo,Sem alteração,4 a 5 cm,3 a 4 cm,2 a 3 cm,-,-,-,-,-,-,-,-,-,-,-,-,Bifacial,Seixo,Um,Indeterminado,Indeterminado,,,,,,,,,
200,Rio Plate III,Lascamento unipolar,Silexito,Lasca,Só mesial,Sem córtex,Inexistente,Sem alteração,1 a 2 cm,2 a 3 cm,0 a 1 cm,Indeterminado,Indeterminado,Indeterminado,Indeterminado,Indeterminado,1,Uma cicatriz apenas,Indeterminado,Indeterminado,,,,,,,,,,,,,,,,,
201,Rio Plate III,Lascamento unipolar,Silexito,Instrumento,Mesial/Distal,Sem córtex,Inexistente,Sem alteração,3 a 4 cm,2 a 3 cm,0 a 1 cm,-,-,-,-,-,-,-,-,-,-,-,-,Unifacial,Lasca unipolar,Um,Lateral,Indeterminado,Retoque,Marginal regular,Direto,Paralelo,Retilíneo,Rasante (0-20),Lateral,Total,Contínuo
202,Rio Plate III,Lascamento unipolar,Silexito,Lasca,Proximal/Mesial,Menor ou Igual a 1/2,Seixo,Sem alteração,2 a 3 cm,2 a 3 cm,0 a 1 cm,Lasca de debitagem,Liso,Sem preparação,Sem formação de lábio,Bulbo difuso,1,Uma cicatriz apenas,Retilíneo,Indeterminado,,,,,,,,,,,,,,,,,
203,Rio Plate III,Lascamento unipolar,Silexito,Lasca,Proximal/Distal (Fratura Longitudinal),Menor ou Igual a 1/4,Seixo,Sem alteração,3 a 4 cm,2 a 3 cm,0 a 1 cm,Lasca de debitagem,Liso,Com preparação,Sem formação de lábio,Bulbo pronunciado,3,Ortogonais,Retilíneo,Siret,,,,,,,,,,,,,,,,,
204,Rio Plate III,Lascamento unipolar,Silexito,Lasca,Proximal/Mesial,Sem córtex,Inexistente,Sem alteração,2 a 3 cm,2 a 3 cm,0 a 1 cm,Lasca de debitagem,Liso,Sem preparação,Sem formação de lábio,Bulbo difuso,4 ou +,Ortogonais,Retilíneo,Indeterminado,,,,,,,,,,,,,,,,,
205,Rio Plate III,Lascamento unipolar,Silexito,Lasca,Mesial/Distal,Sem córtex,Inexistente,Sem alteração,2 a 3 cm,1 a 2 cm,1 a 2 cm,Lasca de debitagem,Indeterminado,Indeterminado,Indeterminado,Indeterminado,4 ou +,Ortogonais,Curvo,Afilado,,,,,,,,,,,,,,,,,
206,Rio Plate III,Lascamento unipolar,Silexito,Lasca,Proximal/Mesial,Sem córtex,Inexistente,Sem alteração,2 a 3 cm,2 a 3 cm,0 a 1 cm,Lasca de debitagem,Liso,Sem preparação,Com formação de lábio,Bulbo difuso,3,Ortogonais,Curvo,Indeterminado,,,,,,,,,,,,,,,,,
207,Rio Plate III,Lascamento unipolar,Silexito,Lasca,Completo,Menor ou Igual a 1/4,Seixo,Sem alteração,1 a 2 cm,3 a 4 cm,0 a 1 cm,Lasca de debitagem,Liso,Sem preparação,Sem formação de lábio,Bulbo pronunciado,3,Ortogonais,Retilíneo,Afilado,,,,,,,,,,,,,,,,,
208,Rio Plate III,Lascamento unipolar,Silexito,Lasca,Completo,Sem córtex,Inexistente,Sem alteração,2 a 3 cm,1 a 2 cm,0 a 1 cm,Lasca de debitagem,Liso,Com preparação,Sem formação de lábio,Bulbo pronunciado,3,Ortogonais,Retilíneo,Afilado,,,,,,,,,,,,,,,,,
209,Rio Plate III,Lascamento unipolar,Silexito,Lasca,Completo,Sem córtex,Inexistente,Sem alteração,2 a 3 cm,2 a 3 cm,0 a 1 cm,Lasca de formatação,Linear,Sem preparação,Sem formação de lábio,Bulbo difuso,3,Ortogonais,Curvo,Afilado,,,,,,,,,,,,,,,,,
210,Rio Plate III,Lascamento unipolar,Silexito,Lasca,Completo,Menor ou Igual a 1/4,Seixo,Sem alteração,3 a 4 cm,2 a 3 cm,0 a 1 cm,Lasca de debitagem,Cortical,Sem preparação,Sem formação de lábio,Bulbo difuso,4 ou +,Ortogonais,Retilíneo,Afilado,,,,,,,,,,,,,,,,,
211,Rio Plate III,Lascamento unipolar,Silexito,Lasca,Completo,Sem córtex,Inexistente,Sem alteração,3 a 4 cm,2 a 3 cm,1 a 2 cm,Lasca de debitagem,Retirado,Indeterminado,Indeterminado,Bulbo difuso,4 ou +,Ortogonais,Helicoidal,Afilado,,,,,,,,,,,,,,,,,
212,Rio Plate III,Lascamento unipolar,Silexito,Lasca,Completo,Sem córtex,Inexistente,Sem alteração,2 a 3 cm,2 a 3 cm,0 a 1 cm,Lasca de debitagem,Linear,Sem preparação,Sem formação de lábio,Bulbo pronunciado,4 ou +,Ortogonais,Retilíneo,Afilado,,,,,,,,,,,,,,,,,
213,Rio Plate III,Lascamento unipolar,Silexito,Lasca,Só distal,Sem córtex,Inexistente,Sem alteração,2 a 3 cm,2 a 3 cm,0 a 1 cm,Lasca de debitagem,Indeterminado,Sem preparação,Indeterminado,Indeterminado,2,Paralelas,Retilíneo,Afilado,,,,,,,,,,,,,,,,,
214,Rio Plate III,Lascamento unipolar,Silexito,Lasca,Mesial/Distal,Menor ou Igual a 1/4,Seixo,Sem alteração,3 a 4 cm,2 a 3 cm,0 a 1 cm,Lasca de debitagem,Indeterminado,Indeterminado,Indeterminado,Indeterminado,3,Paralelas,Curvo,Afilado,,,,,,,,,,,,,,,,,
215,Rio Plate III,Lascamento unipolar,Silexito,Lasca,Mesial/Distal,Sem córtex,Inexistente,Sem alteração,3 a 4 cm,2 a 3 cm,0 a 1 cm,Lasca de debitagem,Indeterminado,Indeterminado,Indeterminado,Indeterminado,3,Ortogonais,Helicoidal,Afilado,,,,,,,,,,,,,,,,,
216,Rio Plate III,Lascamento unipolar,Silexito,Lasca,Mesial/Distal,Sem córtex,Inexistente,Sem alteração,2 a 3 cm,2 a 3 cm,0 a 1 cm,Lasca de debitagem,Indeterminado,Indeterminado,Indeterminado,Indeterminado,3,Ortogonais,Retilíneo,Afilado,,,,,,,,,,,,,,,,,
217,Rio Plate III,Lascamento unipolar,Silexito,Lasca,Mesial/Distal,Sem córtex,Inexistente,Sem alteração,4 a 5 cm,2 a 3 cm,0 a 1 cm,Lasca de debitagem,Indeterminado,Indeterminado,Indeterminado,Indeterminado,4 ou +,Ortogonais,Retilíneo,Afilado,,,,,,,,,,,,,,,,,
218,Rio Plate III,Lascamento unipolar,Silexito,Lasca,Proximal/Mesial,Sem córtex,Inexistente,Sem alteração,2 a 3 cm,2 a 3 cm,1 a 2 cm,Lasca de debitagem,Indeterminado,Sem preparação,Sem formação de lábio,Bulbo pronunciado,2,Paralelas,Retilíneo,Indeterminado,,,,,,,,,,,,,,,,,
219,Rio Plate III,Lascamento unipolar,Silexito,Lasca,Completo,Sem córtex,Inexistente,Sem alteração,2 a 3 cm,2 a 3 cm,0 a 1 cm,Lasca de formatação,Facetado,Com preparação,Com formação de lábio,Bulbo difuso,3,Ortogonais,Helicoidal,Afilado,,,,,,,,,,,,,,,,,
220,Rio Plate III,Lascamento unipolar,Silexito,Lasca,Completo,Menor ou Igual a 1/4,Seixo,Sem alteração,2 a 3 cm,2 a 3 cm,0 a 1 cm,Lasca de debitagem,Diedro,Sem preparação,Sem formação de lábio,Bulbo difuso,3,Paralelas,Retilíneo,Afilado,,,,,,,,,,,,,,,,,
221,Rio Plate III,Lascamento unipolar,Silexito,Lasca,Completo,Sem córtex,Inexistente,Sem alteração,2 a 3 cm,2 a 3 cm,0 a 1 cm,Lasca de debitagem,Linear,Com preparação,Sem formação de lábio,Bulbo difuso,4 ou +,Ortogonais,Retilíneo,Afilado,,,,,,,,,,,,,,,,,
222,Rio Plate III,Lascamento unipolar,Silexito,Lasca,Completo,Sem córtex,Inexistente,Sem alteração,1 a 2 cm,1 a 2 cm,0 a 1 cm,Lasca de retoque,Linear,Sem preparação,Sem formação de lábio,Bulbo difuso,3,Ortogonais,Retilíneo,Afilado,,,,,,,,,,,,,,,,,
223,Rio Plate III,Lascamento unipolar,Silexito,Detrito,Indeterminado,Menor ou Igual a 1/4,Bloco,Sem alteração,2 a 3 cm,2 a 3 cm,2 a 3 cm,-,-,-,-,-,-,-,-,-,-,-,-,-,-,-,-,-,-,-,-,-,-,-,-,-,-
224,Rio Plate III,Lascamento unipolar,Silexito,Lasca,Completo,Menor ou Igual a 1/4,Seixo,Sem alteração,3 a 4 cm,3 a 4 cm,1 a 2 cm,Lasca de debitagem,Liso,Sem preparação,Sem formação de lábio,Bulbo pronunciado,2,Paralelas,Retilíneo,Refletido,,,,,,,,,,,,,,,,,
225,Rio Plate III,Lascamento unipolar,Silexito,Lasca,Só distal,Sem córtex,Inexistente,Sem alteração,1 a 2 cm,2 a 3 cm,0 a 1 cm,Lasca de formatação,Indeterminado,Indeterminado,Indeterminado,Indeterminado,3,Ortogonais,Retilíneo,Afilado,,,,,,,,,,,,,,,,,
226,Rio Plate III,Lascamento unipolar,Silexito,Lasca,Mesial/Distal,Sem córtex,Inexistente,Sem alteração,2 a 3 cm,1 a 2 cm,0 a 1 cm,Lasca de debitagem,Indeterminado,Indeterminado,Indeterminado,Indeterminado,4 ou +,Ortogonais,Retilíneo,Afilado,,,,,,,,,,,,,,,,,
227,Rio Plate III,Lascamento unipolar,Silexito,Lasca,Só proximal,Sem córtex,Inexistente,Sem alteração,1 a 2 cm,2 a 3 cm,1 a 2 cm,Lasca de debitagem,Linear,Sem preparação,Sem formação de lábio,Bulbo difuso,2,Ortogonais,Indeterminado,Indeterminado,,,,,,,,,,,,,,,,,
228,Rio Plate III,Lascamento unipolar,Silexito,Lasca,Mesial/Distal,Sem córtex,Inexistente,Sem alteração,2 a 3 cm,2 a 3 cm,0 a 1 cm,Lasca de debitagem,Indeterminado,Indeterminado,Indeterminado,Indeterminado,1,Uma cicatriz apenas,Retilíneo,Afilado,,,,,,,,,,,,,,,,,
229,Rio Plate III,Lascamento unipolar,Silexito,Lasca,Completo,Menor ou Igual a 1/4,Seixo,Sem alteração,2 a 3 cm,2 a 3 cm,1 a 2 cm,Lasca de debitagem,Diedro,Sem preparação,Sem formação de lábio,Bulbo difuso,3,Paralelas,Retilíneo,Ultrapassado,,,,,,,,,,,,,,,,,
230,Rio Plate III,Lascamento unipolar,Silexito,Lasca,Completo,Sem córtex,Inexistente,Sem alteração,2 a 3 cm,3 a 4 cm,0 a 1 cm,Lasca de debitagem,Linear,Com preparação,Sem formação de lábio,Bulbo pronunciado,1,Uma cicatriz apenas,Retilíneo,Afilado,,,,,,,,,,,,,,,,,
231,Rio Plate III,Lascamento unipolar,Silexito,Lasca,Completo,Sem córtex,Inexistente,Sem alteração,3 a 4 cm,3 a 4 cm,0 a 1 cm,Lasca de debitagem,Liso,Com preparação,Sem formação de lábio,Bulbo pronunciado,3,Ortogonais,Retilíneo,Afilado,,,,,,,,,,,,,,,,,
232,Rio Plate III,Lascamento unipolar,Silexito,Lasca,Mesial/Distal,Sem córtex,Inexistente,Sem alteração,1 a 2 cm,1 a 2 cm,0 a 1 cm,Lasca de debitagem,Indeterminado,Indeterminado,Indeterminado,Indeterminado,4 ou +,Ortogonais,Retilíneo,Afilado,,,,,,,,,,,,,,,,,
233,Rio Plate III,Lascamento unipolar,Silexito,Detrito,Indeterminado,Menor ou Igual a 1/4,Seixo,Sem alteração,1 a 2 cm,1 a 2 cm,1 a 2 cm,-,-,-,-,-,-,-,-,-,-,-,-,-,-,-,-,-,-,-,-,-,-,-,-,-,-
234,Rio Plate III,Lascamento unipolar,Arenito Silicificado,Lasca,Completo,Sem córtex,Inexistente,Sem alteração,3 a 4 cm,4 a 5 cm,1 a 2 cm,Lasca de debitagem,Liso,Sem preparação,Sem formação de lábio,Bulbo pronunciado,4 ou +,Ortogonais,Retilíneo,Afilado,,,,,,,,,,,,,,,,,
235,Rio Plate III,Lascamento unipolar,Silexito,Lasca,Proximal/Mesial,Sem córtex,Inexistente,Sem alteração,2 a 3 cm,2 a 3 cm,0 a 1 cm,Lasca de formatação,Linear,Com preparação,Sem formação de lábio,Bulbo difuso,3,Paralelas,Retilíneo,Indeterminado,,,,,,,,,,,,,,,,,
236,Rio Plate III,Lascamento unipolar,Silexito,Lasca,Completo,Sem córtex,Inexistente,Sem alteração,2 a 3 cm,2 a 3 cm,0 a 1 cm,Lasca de formatação,Linear,Sem preparação,Com formação de lábio,Bulbo difuso,1,Uma cicatriz apenas,Retilíneo,Afilado,,,,,,,,,,,,,,,,,
237,Rio Plate III,Lascamento unipolar,Silexito,Lasca,Mesial/Distal,Sem córtex,Inexistente,Sem alteração,2 a 3 cm,3 a 4 cm,0 a 1 cm,Lasca de debitagem,Indeterminado,Indeterminado,Indeterminado,Indeterminado,4 ou +,Ortogonais,Curvo,Afilado,,,,,,,,,,,,,,,,,
238,Rio Plate III,Lascamento unipolar,Silexito,Instrumento,Mesial/Distal,Sem córtex,Inexistente,Sem alteração,2 a 3 cm,2 a 3 cm,0 a 1 cm,-,-,-,-,-,-,-,-,-,-,-,-,Unifacial,Lasca unipolar,Dois,Lateral,Indeterminado,Retoque,Marginal regular,Direto,Paralelo,Retilíneo,Rasante (0-20),Lateral,Total,Contínuo
239,Rio Plate III,Lascamento unipolar,Silexito,Lasca,Completo,Sem córtex,Inexistente,Sem alteração,2 a 3 cm,2 a 3 cm,0 a 1 cm,Lasca de formatação,Linear,Sem preparação,Sem formação de lábio,Bulbo difuso,1,Uma cicatriz apenas,Retilíneo,Afilado,,,,,,,,,,,,,,,,,
240,Rio Plate III,Lascamento unipolar,Silexito,Lasca,Proximal/Mesial,Sem córtex,Inexistente,Sem alteração,2 a 3 cm,3 a 4 cm,0 a 1 cm,Lasca de debitagem,Liso,Sem preparação,Sem formação de lábio,Bulbo pronunciado,2,Paralelas,Retilíneo,Indeterminado,,,,,,,,,,,,,,,,,
241,Rio Plate III,Lascamento unipolar,Silexito,Lasca,Mesial/Distal,Menor ou Igual a 1/4,Seixo,Sem alteração,3 a 4 cm,2 a 3 cm,0 a 1 cm,Lasca de debitagem,Indeterminado,Indeterminado,Indeterminado,Indeterminado,2,Paralelas,Retilíneo,Afilado,,,,,,,,,,,,,,,,,
242,Rio Plate III,Lascamento unipolar,Silexito,Lasca,Completo,Sem córtex,Inexistente,Sem alteração,2 a 3 cm,3 a 4 cm,0 a 1 cm,Lasca de debitagem,Liso,Sem preparação,Sem formação de lábio,Bulbo pronunciado,4 ou +,Ortogonais,Retilíneo,Afilado,,,,,,,,,,,,,,,,,
243,Rio Plate III,Lascamento unipolar,Silexito,Detrito,Indeterminado,Sem córtex,Inexistente,Sem alteração,4 a 5 cm,2 a 3 cm,2 a 3 cm,-,-,-,-,-,-,-,-,-,-,-,-,-,-,-,-,-,-,-,-,-,-,-,-,-,-
244,Rio Plate III,Lascamento unipolar,Silexito,Pré-forma,Completo,Menor ou Igual a 1/2,Seixo,Sem alteração,3 a 4 cm,6 a 7 cm,2 a 3 cm,-,-,-,-,-,-,-,-,-,-,-,-,Indeterminado,Lasca unipolar,Um,Lateral,Indeterminado,,,,,,,,,
245,Rio Plate III,Lascamento unipolar,Silexito,Pré-forma,Completo,Menor ou Igual a 1/4,Seixo,Sem alteração,5 a 6 cm,7 a 8 cm,2 a 3 cm,-,-,-,-,-,-,-,-,-,-,-,-,Indeterminado,Indeterminado,Indeterminado,Indeterminado,Indeterminado,,,,,,,,,
246,Rio Plate III,Lascamento unipolar,Silexito,Núcleo,Completo,Menor ou Igual a 1/2,Seixo,Sem alteração,4 a 5 cm,4 a 5 cm,3 a 4 cm,-,-,-,-,-,-,-,-,-,Núcleo unipolar com vários planos de percussão em outras posições,Cortical,Sem preparação,-,-,-,-,-,-,-,-,-,-,-,-,-,-
247,Rio Plate III,Lascamento unipolar,Silexito,Fragmento de Instrumento,Indeterminado,Menor ou Igual a 1/4,Seixo,Sem alteração,4 a 5 cm,3 a 4 cm,1 a 2 cm,-,-,-,-,-,-,-,-,-,-,-,-,Indeterminado,Indeterminado,Um,Indeterminado,Indeterminado,,,,,,,,,
248,Rio Plate III,Lascamento unipolar,Silexito,Pré-forma,Completo,Menor ou Igual a 1/4,Bloco,Sem alteração,7 a 8 cm,4 a 5 cm,3 a 4 cm,-,-,-,-,-,-,-,-,-,-,-,-,Indeterminado,Bloco,Indeterminado,Indeterminado,Indeterminado,Retoque,Marginal irregular,Direto,Subparalelo,Retilíneo,Quase rasante (30-50),Lateral,Parcial,Contínuo
249,Rio Plate III,Lascamento unipolar,Silexito,Pré-forma,Completo,Menor ou Igual a 1/4,Bloco,Sem alteração,6 a 7 cm,6 a 7 cm,2 a 3 cm,-,-,-,-,-,-,-,-,-,-,-,-,Indeterminado,Bloco,Indeterminado,Indeterminado,Indeterminado,,,,,,,,,
250,Rio Plate III,Lascamento unipolar,Silexito,Pré-forma,Completo,Menor ou Igual a 1/4,Bloco,Sem alteração,4 a 5 cm,3 a 4 cm,2 a 3 cm,-,-,-,-,-,-,-,-,-,-,-,-,Indeterminado,Bloco,Indeterminado,Indeterminado,Indeterminado,,,,,,,,,
251,Rio Plate III,Lascamento unipolar,Silexito,Pré-forma,Completo,Menor ou Igual a 1/4,Bloco,Sem alteração,5 a 6 cm,3 a 4 cm,2 a 3 cm,-,-,-,-,-,-,-,-,-,-,-,-,Indeterminado,Bloco,Indeterminado,Indeterminado,Indeterminado,,,,,,,,,
252,Rio Plate III,Lascamento unipolar,Silexito,Instrumento,Completo,Sem córtex,Inexistente,Sem alteração,2 a 3 cm,2 a 3 cm,1 a 2 cm,-,-,-,-,-,-,-,-,-,-,-,-,Indeterminado,Indeterminado,Indeterminado,Indeterminado,Indeterminado,,,,,,,,,
253,Rio Plate III,Lascamento unipolar,Silexito,Instrumento,Completo,Menor ou Igual a 1/4,Seixo,Sem alteração,3 a 4 cm,3 a 4 cm,1 a 2 cm,-,-,-,-,-,-,-,-,-,-,-,-,Indeterminado,Indeterminado,Indeterminado,Indeterminado,Indeterminado,,,,,,,,,
254,Rio Plate III,Lascamento unipolar,Silexito,Fragmento de Instrumento,Indeterminado,Sem córtex,Inexistente,Sem alteração,4 a 5 cm,2 a 3 cm,2 a 3 cm,-,-,-,-,-,-,-,-,-,-,-,-,Indeterminado,Indeterminado,Indeterminado,Indeterminado,Indeterminado,,,,,,,,,
255,Rio Plate III,Lascamento unipolar,Silexito,Instrumento,Completo,Sem córtex,Inexistente,Sem alteração,3 a 4 cm,2 a 3 cm,1 a 2 cm,-,-,-,-,-,-,-,-,-,,,,Unifacial,Indeterminado,Indeterminado,38.4 Próxima,Indeterminado,,,,,,,,,
256,Rio Plate III,Lascamento unipolar,Silexito,Fragmento de Instrumento,Indeterminado,Menor ou Igual a 1/4,Seixo,Sem alteração,3 a 4 cm,2 a 3 cm,1 a 2 cm,-,-,-,-,-,-,-,-,-,-,-,-,Unifacial,Lasca unipolar,Indeterminado,Indeterminado,Indeterminado,,,,,,,,,
257,Rio Plate III,Lascamento unipolar,Silexito,Fragmento de Instrumento,Indeterminado,Sem córtex,Inexistente,Sem alteração,4 a 5 cm,2 a 3 cm,2 a 3 cm,-,-,-,-,-,-,-,-,-,-,-,-,Bifacial,Indeterminado,Indeterminado,Indeterminado,Indeterminado,,,,,,,,,
258,Rio Plate III,Lascamento unipolar,Silexito,Pré-forma,Completo,Sem córtex,Inexistente,Sem alteração,3 a 4 cm,2 a 3 cm,0 a 1 cm,-,-,-,-,-,-,-,-,-,-,-,-,Bifacial,Lasca unipolar,Indeterminado,Indeterminado,Indeterminado,,,,,,,,,
259,Rio Plate III,Lascamento unipolar,Silexito,Lasca,Completo,Menor ou Igual a 1/4,Seixo,Sem alteração,4 a 5 cm,2 a 3 cm,1 a 2 cm,Lasca de debitagem,Cortical,Sem preparação,Sem formação de lábio,Bulbo pronunciado,2,Paralelas,Retilíneo,Afilado,,,,,,,,,,,,,,,,,
260,Rio Plate III,Lascamento unipolar,Silexito,Pré-forma,Completo,Menor ou Igual a 1/4,Seixo,Sem alteração,5 a 6 cm,3 a 4 cm,1 a 2 cm,-,-,-,-,-,-,-,-,-,-,-,-,Bifacial,Indeterminado,Indeterminado,Indeterminado,Indeterminado,,,,,,,,,
261,Rio Plate III,Lascamento unipolar,Silexito,Lasca,Proximal/Mesial,Sem córtex,Inexistente,Sem alteração,3 a 4 cm,2 a 3 cm,1 a 2 cm,Lasca de debitagem,Liso,Com preparação,Sem formação de lábio,Bulbo pronunciado,3,Paralelas,Retilíneo,Indeterminado,,,,,,,,,,,,,,,,,
262,Rio Plate III,Lascamento unipolar,Silexito,Pré-forma,Completo,Menor ou Igual a 1/4,Seixo,Sem alteração,6 a 7 cm,5 a 6 cm,2 a 3 cm,-,-,-,-,-,-,-,-,-,-,-,-,Bifacial,Lasca unipolar,Indeterminado,Indeterminado,Indeterminado,,,,,,,,,
263,Rio Plate III,Lascamento unipolar,Silexito,Instrumento,Completo,Menor ou Igual a 1/2,Seixo,Sem alteração,3 a 4 cm,3 a 4 cm,2 a 3 cm,-,-,-,-,-,-,-,-,-,-,-,-,Unifacial,Seixo,Indeterminado,Indeterminado,Indeterminado,,,,,,,,,
264,Rio Plate III,Lascamento unipolar,Silexito,Pré-forma,Completo,Menor ou Igual a 1/4,Seixo,Sem alteração,4 a 5 cm,3 a 4 cm,1 a 2 cm,-,-,-,-,-,-,-,-,-,-,-,-,Bifacial,Lasca unipolar,Indeterminado,Indeterminado,Indeterminado,,,,,,,,,
265,Rio Plate III,Lascamento unipolar,Silexito,Fragmento de Instrumento,Indeterminado,Menor ou Igual a 1/4,Seixo,Sem alteração,3 a 4 cm,3 a 4 cm,1 a 2 cm,-,-,-,-,-,-,-,-,-,-,-,-,Indeterminado,Indeterminado,Indeterminado,Indeterminado,Indeterminado,,,,,,,,,
266,Rio Plate III,Lascamento unipolar,Silexito,Lasca,Completo,Sem córtex,Inexistente,Sem alteração,2 a 3 cm,2 a 3 cm,0 a 1 cm,Lasca de debitagem,Facetado,Sem preparação,Com formação de lábio,Bulbo pronunciado,3,Ortogonais,Helicoidal,Afilado,,,,,,,,,,,,,,,,,
267,Rio Plate III,Lascamento unipolar,Silexito,Fragmento de Instrumento,Indeterminado,Menor ou Igual a 1/2,Seixo,Sem alteração,2 a 3 cm,3 a 4 cm,1 a 2 cm,-,-,-,-,-,-,-,-,-,-,-,-,Indeterminado,Indeterminado,Indeterminado,Indeterminado,Indeterminado,,,,,,,,,
268,Rio Plate III,Lascamento unipolar,Silexito,Pré-forma,Completo,Menor ou Igual a 1/2,Seixo,Sem alteração,4 a 5 cm,3 a 4 cm,2 a 3 cm,-,-,-,-,-,-,-,-,-,-,-,-,Unifacial,Seixo,Indeterminado,Indeterminado,Indeterminado,,,,,,,,,
269,Rio Plate III,Lascamento unipolar,Silexito,Instrumento,Completo,Menor ou Igual a 1/4,Seixo,Sem alteração,4 a 5 cm,3 a 4 cm,2 a 3 cm,-,-,-,-,-,-,-,-,-,-,-,-,Bifacial,Seixo,Indeterminado,Indeterminado,Indeterminado,,,,,,,,,
270,Rio Plate III,Lascamento unipolar,Silexito,Pré-forma,Completo,Menor ou Igual a 1/4,Seixo,Sem alteração,5 a 6 cm,5 a 6 cm,2 a 3 cm,-,-,-,-,-,-,-,-,-,-,-,-,Bifacial,Indeterminado,Indeterminado,Indeterminado,Indeterminado,,,,,,,,,
271,Rio Plate III,Lascamento unipolar,Silexito,Pré-forma,Completo,Menor ou Igual a 1/4,Seixo,Sem alteração,4 a 5 cm,3 a 4 cm,2 a 3 cm,-,-,-,-,-,-,-,-,-,-,-,-,Bifacial,Seixo,Indeterminado,Indeterminado,Indeterminado,,,,,,,,,
272,Rio Plate III,Lascamento unipolar,Quartzito,Instrumento,Completo,Sem córtex,Inexistente,Sem alteração,4 a 5 cm,3 a 4 cm,1 a 2 cm,-,-,-,-,-,-,-,-,-,-,-,-,Bifacial,Indeterminado,Indeterminado,Indeterminado,Indeterminado,,,,,,,,,
273,Rio Plate III,Lascamento unipolar,Silexito,Fragmento de Instrumento,Indeterminado,Sem córtex,Inexistente,Sem alteração,4 a 5 cm,2 a 3 cm,1 a 2 cm,-,-,-,-,-,-,-,-,-,-,-,-,Bifacial,Indeterminado,Indeterminado,Indeterminado,Indeterminado,,,,,,,,,
274,Rio Plate III,Lascamento unipolar,Silexito,Fragmento de Instrumento,Indeterminado,Sem córtex,Inexistente,Sem alteração,2 a 3 cm,2 a 3 cm,0 a 1 cm,-,-,-,-,-,-,-,-,-,-,-,-,Bifacial,Indeterminado,Indeterminado,Indeterminado,Indeterminado,,,,,,,,,
275,Rio Plate III,Lascamento unipolar,Silexito,Pré-forma,Completo,Sem córtex,Inexistente,Sem alteração,3 a 4 cm,2 a 3 cm,0 a 1 cm,-,-,-,-,-,-,-,-,-,-,-,-,Bifacial,Indeterminado,Indeterminado,Indeterminado,Indeterminado,,,,,,,,,
276,Rio Plate III,Lascamento unipolar,Silexito,Fragmento de Instrumento,Indeterminado,Sem córtex,Inexistente,Sem alteração,2 a 3 cm,3 a 4 cm,1 a 2 cm,-,-,-,-,-,-,-,-,-,-,-,-,Bifacial,Indeterminado,Indeterminado,Indeterminado,Indeterminado,,,,,,,,,
277,Rio Plate III,Lascamento unipolar,Silexito,Fragmento de Instrumento,Indeterminado,Sem córtex,Inexistente,Sem alteração,2 a 3 cm,3 a 4 cm,1 a 2 cm,-,-,-,-,-,-,-,-,-,-,-,-,Bifacial,Indeterminado,Indeterminado,Indeterminado,Indeterminado,,,,,,,,,
278,Rio Plate III,Lascamento unipolar,Silexito,Fragmento de Instrumento,Indeterminado,Sem córtex,Inexistente,Sem alteração,2 a 3 cm,2 a 3 cm,0 a 1 cm,-,-,-,-,-,-,-,-,-,-,-,-,Unifacial,Lasca unipolar,Dois,Lateral,Ausente,,,,,,,,,
279,Rio Plate III,Lascamento unipolar,Silexito,Fragmento de Instrumento,Indeterminado,Sem córtex,Inexistente,Sem alteração,4 a 5 cm,3 a 4 cm,0 a 1 cm,-,-,-,-,-,-,-,-,-,-,-,-,Bifacial,Indeterminado,Indeterminado,Indeterminado,Indeterminado,,,,,,,,,
280,Rio Plate III,Lascamento unipolar,Silexito,Pré-forma,Completo,Menor ou Igual a 1/4,Seixo,Sem alteração,5 a 6 cm,3 a 4 cm,1 a 2 cm,-,-,-,-,-,-,-,-,-,-,-,-,Bifacial,Indeterminado,Indeterminado,Indeterminado,Indeterminado,,,,,,,,,
281,Rio Plate III,Lascamento unipolar,Silexito,Fragmento de Instrumento,Indeterminado,Sem córtex,Inexistente,Sem alteração,4 a 5 cm,3 a 4 cm,1 a 2 cm,-,-,-,-,-,-,-,-,-,-,-,-,Bifacial,Indeterminado,Indeterminado,Indeterminado,Indeterminado,,,,,,,,,
282,Rio Plate III,Lascamento unipolar,Silexito,Fragmento de Instrumento,Indeterminado,Sem córtex,Inexistente,Sem alteração,4 a 5 cm,3 a 4 cm,1 a 2 cm,-,-,-,-,-,-,-,-,-,-,-,-,Bifacial,Indeterminado,Indeterminado,Indeterminado,Indeterminado,,,,,,,,,
283,Rio Plate III,Lascamento unipolar,Silexito,Fragmento de Instrumento,Indeterminado,Sem córtex,Inexistente,Sem alteração,3 a 4 cm,4 a 5 cm,1 a 2 cm,-,-,-,-,-,-,-,-,-,-,-,-,Bifacial,Indeterminado,Indeterminado,Indeterminado,Indeterminado,,,,,,,,,
284,Rio Plate III,Lascamento unipolar,Silexito,Fragmento de Instrumento,Indeterminado,Sem córtex,Inexistente,Sem alteração,3 a 4 cm,3 a 4 cm,0 a 1 cm,-,-,-,-,-,-,-,-,-,-,-,-,Bifacial,Indeterminado,Indeterminado,Indeterminado,Indeterminado,,,,,,,,,
285,Rio Plate III,Lascamento unipolar,Silexito,Lasca,Completo,Sem córtex,Inexistente,Sem alteração,3 a 4 cm,1 a 2 cm,0 a 1 cm,Lasca de debitagem,Linear,Sem preparação,Sem formação de lábio,Bulbo difuso,4 ou +,Paralelas,Helicoidal,Afilado,-,-,-,,,,,,,,,,,,,,
286,Rio Plate III,Lascamento unipolar,Silexito,Fragmento de Instrumento,Indeterminado,Sem córtex,Inexistente,Sem alteração,3 a 4 cm,1 a 2 cm,1 a 2 cm,-,-,-,-,-,-,-,-,-,-,-,-,Unifacial,Indeterminado,Um,Lateral,Indeterminado,Retoque,Invasor regular,Direto,Paralelo,Retilíneo,Semi-abrupto (60-70),Lateral,Total,Contínuo
287,Rio Plate III,Lascamento unipolar,Silexito,Fragmento de Instrumento,Indeterminado,Sem córtex,Inexistente,Sem alteração,2 a 3 cm,3 a 4 cm,0 a 1 cm,-,-,-,-,-,-,-,-,-,-,-,-,Unifacial,Indeterminado,Indeterminado,Indeterminado,Indeterminado,,,,,,,,,
288,Rio Plate III,Lascamento unipolar,Silexito,Fragmento de Instrumento,Indeterminado,Sem córtex,Inexistente,Sem alteração,3 a 4 cm,2 a 3 cm,0 a 1 cm,-,-,-,-,-,-,-,-,-,-,-,-,Unifacial,Indeterminado,Dois,Lateral,Indeterminado,,,,,,,,,
289,Rio Plate III,Lascamento unipolar,Silexito,Fragmento de Instrumento,Indeterminado,Sem córtex,Inexistente,Sem alteração,5 a 6 cm,2 a 3 cm,1 a 2 cm,-,-,-,-,-,-,-,-,-,-,-,-,Unifacial,Indeterminado,Dois,Lateral,Indeterminado,,,,,,,,,
290,Rio Plate III,Lascamento unipolar,Silexito,Instrumento,Completo,Sem córtex,Inexistente,Sem alteração,5 a 6 cm,2 a 3 cm,1 a 2 cm,-,-,-,-,-,-,-,-,-,-,-,-,Bifacial,Indeterminado,Indeterminado,Indeterminado,Indeterminado,,,,,,,,,
291,Rio Plate III,Lascamento unipolar,Silexito,Instrumento,Completo,Sem córtex,Inexistente,Sem alteração,5 a 6 cm,2 a 3 cm,1 a 2 cm,-,-,-,-,-,-,-,-,-,-,-,-,Unifacial,Lasca unipolar,Indeterminado,Indeterminado,Indeterminado,,,,,,,,,
292,Rio Plate III,Lascamento unipolar,Silexito,Instrumento,Completo,Menor ou Igual a 1/2,Seixo,Sem alteração,5 a 6 cm,2 a 3 cm,0 a 1 cm,-,-,-,-,-,-,-,-,-,-,-,-,Instrumento sobre lasca,Lasca unipolar,Um,Distal,Ausente,,,,,,,,,
293,Rio Plate III,Lascamento unipolar,Silexito,Instrumento,Completo,Sem córtex,Inexistente,Sem alteração,5 a 6 cm,2 a 3 cm,0 a 1 cm,-,-,-,-,-,-,-,-,-,-,-,-,Unifacial,Lasca unipolar,Um,Indeterminado,Ausente,,,,,,,,,
294,Rio Plate III,Sem transformação,Silexito,Natural,Indeterminado,Superfície total,Seixo,Sem alteração,4 a 5 cm,3 a 4 cm,2 a 3 cm,-,-,-,-,-,-,-,-,-,-,-,-,,,,,,,,,,,,,,
295,Rio Plate III,Sem transformação,Silexito,Natural,Indeterminado,Superfície total,Seixo,Sem alteração,3 a 4 cm,2 a 3 cm,1 a 2 cm,-,-,-,-,-,-,-,-,-,-,-,-,,,,,,,,,,,,,,
296,Rio Plate III,Sem transformação,Silexito,Natural,Indeterminado,Superfície total,Seixo,Sem alteração,2 a 3 cm,2 a 3 cm,1 a 2 cm,-,-,-,-,-,-,-,-,-,-,-,-,,,,,,,,,,,,,,
297,Rio Plate III,Sem transformação,Silexito,Natural,Indeterminado,Superfície total,Seixo,Sem alteração,2 a 3 cm,2 a 3 cm,1 a 2 cm,-,-,-,-,-,-,-,-,-,-,-,-,,,,,,,,,,,,,,
298,Rio Plate III,Sem transformação,Silexito,Natural,Indeterminado,Superfície total,Seixo,Queima/Alteração de cor,2 a 3 cm,1 a 2 cm,1 a 2 cm,-,-,-,-,-,-,-,-,-,-,-,-,,,,,,,,,,,,,,
299,Rio Plate III,Sem transformação,Silexito,Natural,Indeterminado,Superfície total,Seixo,Sem alteração,2 a 3 cm,1 a 2 cm,0 a 1 cm,-,-,-,-,-,-,-,-,-,-,-,-,,,,,,,,,,,,,,
300,Rio Plate III,Sem transformação,Quartzo Leitoso,Natural,Indeterminado,Superfície total,Seixo,Sem alteração,3 a 4 cm,2 a 3 cm,2 a 3 cm,-,-,-,-,-,-,-,-,-,-,-,-,,,,,,,,,,,,,,
301,Rio Plate III,Sem transformação,Quartzo Leitoso,Natural,Indeterminado,Superfície total,Seixo,Sem alteração,2 a 3 cm,2 a 3 cm,1 a 2 cm,-,-,-,-,-,-,-,-,-,-,-,-,,,,,,,,,,,,,,
302,Rio Plate III,Sem transformação,Arenito,Natural,Indeterminado,Superfície total,Seixo,Sem alteração,4 a 5 cm,4 a 5 cm,2 a 3 cm,-,-,-,-,-,-,-,-,-,-,-,-,,,,,,,,,,,,,,
303,Rio Plate III,Sem transformação,Arenito,Natural,Indeterminado,Superfície total,Seixo,Sem alteração,2 a 3 cm,2 a 3 cm,1 a 2 cm,-,-,-,-,-,-,-,-,-,-,-,-,,,,,,,,,,,,,,
304,Rio Plate III,Sem transformação,Arenito,Natural,Indeterminado,Superfície total,Seixo,Sem alteração,2 a 3 cm,2 a 3 cm,2 a 3 cm,-,-,-,-,-,-,-,-,-,-,-,-,,,,,,,,,,,,,,
305,Rio Plate III,Sem transformação,Arenito,Natural,Indeterminado,Superfície total,Seixo,Sem alteração,2 a 3 cm,2 a 3 cm,2 a 3 cm,-,-,-,-,-,-,-,-,-,-,-,-,,,,,,,,,,,,,,
306,Rio Plate III,Sem transformação,Indeterminado,Natural,Indeterminado,Superfície total,Seixo,Sem alteração,2 a 3 cm,2 a 3 cm,0 a 1 cm,-,-,-,-,-,-,-,-,-,-,-,-,,,,,,,,,,,,,,
307,Rio Plate III,Sem transformação,Indeterminado,Natural,Indeterminado,Superfície total,Seixo,Sem alteração,3 a 4 cm,2 a 3 cm,1 a 2 cm,-,-,-,-,-,-,-,-,-,-,-,-,,,,,,,,,,,,,,
308,Rio Plate III,Indeterminado,Arenito,Detrito,Indeterminado,Menor ou Igual a 1/2,Seixo,Sem alteração,7 a 8 cm,3 a 4 cm,2 a 3 cm,-,-,-,-,-,-,-,-,-,-,-,-,-,-,-,-,-,-,-,-,-,-,-,-,-,-
309,Rio Plate III,Indeterminado,Arenito,Detrito,Indeterminado,Sem córtex,Inexistente,Sem alteração,2 a 3 cm,2 a 3 cm,1 a 2 cm,-,-,-,-,-,-,-,-,-,-,-,-,-,-,-,-,-,-,-,-,-,-,-,-,-,-
310,Rio Plate III,Indeterminado,Arenito,Detrito,Indeterminado,Menor ou Igual a 1/2,Seixo,Sem alteração,3 a 4 cm,2 a 3 cm,2 a 3 cm,-,-,-,-,-,-,-,-,-,-,-,-,-,-,-,-,-,-,-,-,-,-,-,-,-,-
311,Rio Plate III,Indeterminado,Arenito,Detrito,Indeterminado,Sem córtex,Inexistente,Queima/Alteração de cor,4 a 5 cm,3 a 4 cm,1 a 2 cm,-,-,-,-,-,-,-,-,-,-,-,-,-,-,-,-,-,-,-,-,-,-,-,-,-,-
312,Rio Plate III,Indeterminado,Arenito,Detrito,Indeterminado,Sem córtex,Inexistente,Sem alteração,2 a 3 cm,2 a 3 cm,2 a 3 cm,-,-,-,-,-,-,-,-,-,-,-,-,-,-,-,-,-,-,-,-,-,-,-,-,-,-
313,Rio Plate III,Indeterminado,Arenito,Detrito,Indeterminado,Menor ou Igual a 1/4,Seixo,Sem alteração,6 a 7 cm,3 a 4 cm,2 a 3 cm,-,-,-,-,-,-,-,-,-,-,-,-,-,-,-,-,-,-,-,-,-,-,-,-,-,-
314,Rio Plate III,Indeterminado,Arenito,Detrito,Indeterminado,Sem córtex,Inexistente,Sem alteração,2 a 3 cm,2 a 3 cm,0 a 1 cm,-,-,-,-,-,-,-,-,-,-,-,-,-,-,-,-,-,-,-,-,-,-,-,-,-,-
315,Rio Plate III,Lascamento unipolar,Quartzito,Lasca,Só distal,Sem córtex,Inexistente,Sem alteração,2 a 3 cm,2 a 3 cm,0 a 1 cm,Lasca de debitagem,Indeterminado,Indeterminado,Indeterminado,Indeterminado,2,Ortogonais,Retilíneo,Afilado,-,-,-,,,,,,,,,,,,,,
316,Rio Plate III,Lascamento unipolar,Quartzito,Lasca,Mesial/Distal,Sem córtex,Inexistente,Sem alteração,2 a 3 cm,2 a 3 cm,0 a 1 cm,Lasca de debitagem,Indeterminado,Indeterminado,Indeterminado,Indeterminado,3,Paralelas,Retilíneo,Afilado,-,-,-,,,,,,,,,,,,,,
317,Rio Plate III,Lascamento unipolar,Arenito,Lasca,Completo,Menor ou Igual a 1/2,Bloco,Queima/Alteração de cor,5 a 6 cm,7 a 8 cm,1 a 2 cm,Lasca de debitagem,Liso,Sem preparação,Sem formação de lábio,Bulbo difuso,2,Ortogonais,Retilíneo,Afilado,-,-,-,,,,,,,,,,,,,,
318,Rio Plate III,Lascamento unipolar,Arenito,Lasca,Completo,Menor ou Igual a 1/2,Seixo,Sem alteração,5 a 6 cm,2 a 3 cm,2 a 3 cm,Lasca cortical,Cortical,Sem preparação,Sem formação de lábio,Bulbo difuso,2,Ortogonais,Retilíneo,Afilado,-,-,-,,,,,,,,,,,,,,
319,Rio Plate III,Lascamento unipolar,Silexito,Pré-forma,Completo,Menor ou Igual a 3/4,Seixo,Pátina,3 a 4 cm,2 a 3 cm,1 a 2 cm,-,-,-,-,-,-,-,-,-,-,-,-,Unifacial,Seixo,Indeterminado,Indeterminado,Indeterminado,,,,,,,,,
320,Rio Plate III,Lascamento unipolar,Silexito,Núcleo,Completo,Menor ou Igual a 1/2,Seixo,Sem alteração,5 a 6 cm,4 a 5 cm,3 a 4 cm,-,-,-,-,-,-,-,-,-,Núcleo unipolar com dois planos de percussão bidirecionais opostos,Cortical,Indeterminado,-,-,-,-,-,-,-,-,-,-,-,-,-,-
321,Rio Plate III,Lascamento unipolar,Arenito,Fragmento de Instrumento,Indeterminado,Menor ou Igual a 1/2,Bloco,Sem alteração,10 a 11 cm,4 a 5 cm,2 a 3 cm,-,-,-,-,-,-,-,-,-,-,-,-,Instrumento sobre peça bruta,Bloco,Um,Distal,Indeterminado,,,,,,,,,
